"../../../Engine/Plugins/2D/Paper2D/Content/PlaceholderTextures/DummySpriteTexture.ubulk" 0
"../../../Engine/Plugins/2D/Paper2D/Content/PlaceholderTextures/DummySpriteTexture.uasset" 1
"../../../Engine/Plugins/2D/Paper2D/Content/PlaceholderTextures/DummySpriteTexture.uexp" 2
"../../../Engine/Plugins/2D/Paper2D/Content/DummySprite.uasset" 3
"../../../Engine/Plugins/2D/Paper2D/Content/DummySprite.uexp" 4
"../../../Engine/Plugins/2D/Paper2D/Content/DefaultPaperTerrainMaterial.uasset" 5
"../../../Engine/Plugins/2D/Paper2D/Content/DefaultPaperTerrainMaterial.uexp" 6
"../../../Engine/Plugins/Animation/ACLPlugin/Content/ACLAnimCurveCompressionSettings.uasset" 7
"../../../Engine/Plugins/Animation/ACLPlugin/Content/ACLAnimCurveCompressionSettings.uexp" 8
"../../../Engine/Content/Animation/DefaultRecorderBoneCompression.uasset" 9
"../../../Engine/Content/Animation/DefaultRecorderBoneCompression.uexp" 10
"../../../Engine/Content/EngineSounds/Master.uasset" 11
"../../../Engine/Content/EngineSounds/Master.uexp" 12
"../../../Engine/Content/EngineMaterials/DefaultPhysicalMaterial.uasset" 13
"../../../Engine/Content/EngineMaterials/DefaultPhysicalMaterial.uexp" 14
"../../../Engine/Content/EngineMaterials/DefaultDestructiblePhysicalMaterial.uasset" 15
"../../../Engine/Content/EngineMaterials/DefaultDestructiblePhysicalMaterial.uexp" 16
"../../../Engine/Content/EngineFonts/Faces/DroidSansFallback.uexp" 17
"../../../Engine/Content/EngineFonts/Faces/DroidSansFallback.uasset" 18
"../../../Engine/Content/EngineFonts/Faces/DroidSansFallback.ufont" 19
"../../../Engine/Content/EngineFonts/Faces/RobotoRegular.uexp" 20
"../../../Engine/Content/EngineFonts/Faces/RobotoRegular.uasset" 21
"../../../Engine/Content/EngineFonts/Faces/RobotoRegular.ufont" 22
"../../../Engine/Content/EngineFonts/Faces/RobotoLight.uexp" 23
"../../../Engine/Content/EngineFonts/Faces/RobotoLight.uasset" 24
"../../../Engine/Content/EngineFonts/Faces/RobotoLight.ufont" 25
"../../../Engine/Content/EngineFonts/Faces/RobotoItalic.uexp" 26
"../../../Engine/Content/EngineFonts/Faces/RobotoItalic.uasset" 27
"../../../Engine/Content/EngineFonts/Faces/RobotoItalic.ufont" 28
"../../../Engine/Content/EngineFonts/Faces/RobotoBoldItalic.uexp" 29
"../../../Engine/Content/EngineFonts/Faces/RobotoBoldItalic.uasset" 30
"../../../Engine/Content/EngineFonts/Faces/RobotoBoldItalic.ufont" 31
"../../../Engine/Content/EngineFonts/Faces/RobotoBold.uexp" 32
"../../../Engine/Content/EngineFonts/Faces/RobotoBold.uasset" 33
"../../../Engine/Content/EngineFonts/Faces/RobotoBold.ufont" 34
"../../../Engine/Content/EngineFonts/Roboto.uasset" 35
"../../../Engine/Content/EngineFonts/Roboto.uexp" 36
"../../../Engine/Content/EngineFonts/Faces/DroidSansMono.uexp" 37
"../../../Engine/Content/EngineFonts/Faces/DroidSansMono.uasset" 38
"../../../Engine/Content/EngineFonts/Faces/DroidSansMono.ufont" 39
"../../../Engine/Content/EngineFonts/DroidSansMono.uasset" 40
"../../../Engine/Content/EngineFonts/DroidSansMono.uexp" 41
"../../../Engine/Plugins/Interchange/Runtime/Content/Pipelines/DefaultTexturePipeline.uasset" 42
"../../../Engine/Plugins/Interchange/Runtime/Content/Pipelines/DefaultTexturePipeline.uexp" 43
"../../../Engine/Plugins/Interchange/Runtime/Content/Pipelines/DefaultSceneLevelPipeline.uasset" 44
"../../../Engine/Plugins/Interchange/Runtime/Content/Pipelines/DefaultSceneLevelPipeline.uexp" 45
"../../../Engine/Plugins/Interchange/Runtime/Content/Pipelines/DefaultSceneAssetsPipeline.uasset" 46
"../../../Engine/Plugins/Interchange/Runtime/Content/Pipelines/DefaultSceneAssetsPipeline.uexp" 47
"../../../Engine/Plugins/Interchange/Runtime/Content/Pipelines/DefaultMaterialXPipeline.uasset" 48
"../../../Engine/Plugins/Interchange/Runtime/Content/Pipelines/DefaultMaterialXPipeline.uexp" 49
"../../../Engine/Plugins/Interchange/Runtime/Content/Pipelines/DefaultMaterialPipeline.uasset" 50
"../../../Engine/Plugins/Interchange/Runtime/Content/Pipelines/DefaultMaterialPipeline.uexp" 51
"../../../Engine/Plugins/Interchange/Runtime/Content/Pipelines/DefaultGLTFSceneAssetsPipeline.uasset" 52
"../../../Engine/Plugins/Interchange/Runtime/Content/Pipelines/DefaultGLTFSceneAssetsPipeline.uexp" 53
"../../../Engine/Plugins/Interchange/Runtime/Content/Pipelines/DefaultGLTFPipeline.uasset" 54
"../../../Engine/Plugins/Interchange/Runtime/Content/Pipelines/DefaultGLTFPipeline.uexp" 55
"../../../Engine/Plugins/Interchange/Runtime/Content/Pipelines/DefaultGLTFAssetsPipeline.uasset" 56
"../../../Engine/Plugins/Interchange/Runtime/Content/Pipelines/DefaultGLTFAssetsPipeline.uexp" 57
"../../../Engine/Plugins/Interchange/Runtime/Content/Pipelines/DefaultAssetsPipeline.uasset" 58
"../../../Engine/Plugins/Interchange/Runtime/Content/Pipelines/DefaultAssetsPipeline.uexp" 59
"../../../Engine/Plugins/Animation/ControlRig/Content/Controls/DefaultGizmoLibraryNormalized.uasset" 60
"../../../Engine/Plugins/Animation/ControlRig/Content/Controls/DefaultGizmoLibraryNormalized.uexp" 61
"../../../Engine/Content/MobileResources/HUD/VirtualJoystick_Thumb.uasset" 62
"../../../Engine/Content/MobileResources/HUD/VirtualJoystick_Thumb.uexp" 63
"../../../Engine/Content/MobileResources/HUD/VirtualJoystick_Background.uasset" 64
"../../../Engine/Content/MobileResources/HUD/VirtualJoystick_Background.uexp" 65
"../../../Engine/Content/MobileResources/HUD/DefaultVirtualJoysticks.uasset" 66
"../../../Engine/Content/MobileResources/HUD/DefaultVirtualJoysticks.uexp" 67
"../../../Engine/Content/EngineResources/GradientTexture0.uasset" 68
"../../../Engine/Content/EngineResources/GradientTexture0.uexp" 69
"../../../Engine/Content/EditorResources/S_Actor.ubulk" 70
"../../../Engine/Content/EditorResources/S_Actor.uasset" 71
"../../../Engine/Content/EditorResources/S_Actor.uexp" 72
"../../../Engine/Plugins/NNE/NNEDenoiser/Content/NNEDTOM_Output_Default.uasset" 73
"../../../Engine/Plugins/NNE/NNEDenoiser/Content/NNEDTOM_Output_Default.uexp" 74
"../../../Engine/Plugins/NNE/NNEDenoiser/Content/NNEDTOM_Output_Alpha.uasset" 75
"../../../Engine/Plugins/NNE/NNEDenoiser/Content/NNEDTOM_Output_Alpha.uexp" 76
"../../../Engine/Plugins/NNE/NNEDenoiser/Content/NNEDTIM_ColorAlbedoNormal_Default.uasset" 77
"../../../Engine/Plugins/NNE/NNEDenoiser/Content/NNEDTIM_ColorAlbedoNormal_Default.uexp" 78
"../../../Engine/Plugins/NNE/NNEDenoiser/Content/NNEDTIM_ColorAlbedoNormal_Alpha.uasset" 79
"../../../Engine/Plugins/NNE/NNEDenoiser/Content/NNEDTIM_ColorAlbedoNormal_Alpha.uexp" 80
"../../../Engine/Plugins/NNE/NNEDenoiser/Content/NNEDOM_Output_Default.uasset" 81
"../../../Engine/Plugins/NNE/NNEDenoiser/Content/NNEDOM_Output_Default.uexp" 82
"../../../Engine/Plugins/NNE/NNEDenoiser/Content/NNEDOM_Output_Alpha.uasset" 83
"../../../Engine/Plugins/NNE/NNEDenoiser/Content/NNEDOM_Output_Alpha.uexp" 84
"../../../Engine/Plugins/NNE/NNEDenoiser/Content/NNEDIM_HighQuality_Default.uasset" 85
"../../../Engine/Plugins/NNE/NNEDenoiser/Content/NNEDIM_HighQuality_Default.uexp" 86
"../../../Engine/Plugins/NNE/NNEDenoiser/Content/NNEDIM_HighQuality_Alpha.uasset" 87
"../../../Engine/Plugins/NNE/NNEDenoiser/Content/NNEDIM_HighQuality_Alpha.uexp" 88
"../../../Engine/Plugins/NNE/NNEDenoiser/Content/NNEDIM_ColorAlbedoNormal_Default.uasset" 89
"../../../Engine/Plugins/NNE/NNEDenoiser/Content/NNEDIM_ColorAlbedoNormal_Default.uexp" 90
"../../../Engine/Plugins/NNE/NNEDenoiser/Content/NNEDIM_ColorAlbedoNormal_Alpha.uasset" 91
"../../../Engine/Plugins/NNE/NNEDenoiser/Content/NNEDIM_ColorAlbedoNormal_Alpha.uexp" 92
"../../../Engine/Content/EngineMaterials/PreintegratedSkinBRDF.uasset" 93
"../../../Engine/Content/EngineMaterials/PreintegratedSkinBRDF.uexp" 94
"../../../Engine/Content/EngineMaterials/MiniFont.uasset" 95
"../../../Engine/Content/EngineMaterials/MiniFont.uexp" 96
"../../../Engine/Content/EngineMaterials/FastBlueNoise_vec2_128x128x64.uasset" 97
"../../../Engine/Content/EngineMaterials/FastBlueNoise_vec2_128x128x64.uexp" 98
"../../../Engine/Content/EngineMaterials/FastBlueNoise_scalar_128x128x8.uasset" 99
"../../../Engine/Content/EngineMaterials/FastBlueNoise_scalar_128x128x8.uexp" 100
"../../../Engine/Content/EngineMaterials/FastBlueNoise_scalar_128x128x64.uasset" 101
"../../../Engine/Content/EngineMaterials/FastBlueNoise_scalar_128x128x64.uexp" 102
"../../../Engine/Content/EngineMaterials/DefaultWhiteGrid.ubulk" 103
"../../../Engine/Content/EngineMaterials/DefaultWhiteGrid.uasset" 104
"../../../Engine/Content/EngineMaterials/DefaultWhiteGrid.uexp" 105
"../../../Engine/Content/EngineMaterials/DefaultBokeh.uasset" 106
"../../../Engine/Content/EngineMaterials/DefaultBokeh.uexp" 107
"../../../Engine/Content/EngineMaterials/DefaultBloomKernel.uasset" 108
"../../../Engine/Content/EngineMaterials/DefaultBloomKernel.uexp" 109
"../../../Engine/Content/EngineDamageTypes/DmgTypeBP_Environmental.uasset" 110
"../../../Engine/Content/EngineDamageTypes/DmgTypeBP_Environmental.uexp" 111
"../../../Engine/Content/EditorResources/S_TriggerSphere.uasset" 112
"../../../Engine/Content/EditorResources/S_TriggerSphere.uexp" 113
"../../../Engine/Content/EditorResources/S_TriggerCapsule.uasset" 114
"../../../Engine/Content/EditorResources/S_TriggerCapsule.uexp" 115
"../../../Engine/Content/EditorResources/S_TriggerBox.uasset" 116
"../../../Engine/Content/EditorResources/S_TriggerBox.uexp" 117
"../../../Engine/Content/EditorResources/S_Trigger.ubulk" 118
"../../../Engine/Content/EditorResources/S_Trigger.uasset" 119
"../../../Engine/Content/EditorResources/S_Trigger.uexp" 120
"../../../Engine/Content/EditorResources/S_Terrain.ubulk" 121
"../../../Engine/Content/EditorResources/S_Terrain.uasset" 122
"../../../Engine/Content/EditorResources/S_Terrain.uexp" 123
"../../../Engine/Content/EditorResources/S_Solver.ubulk" 124
"../../../Engine/Content/EditorResources/S_Solver.uasset" 125
"../../../Engine/Content/EditorResources/S_Solver.uexp" 126
"../../../Engine/Content/EditorResources/S_BoxReflectionCapture.uasset" 127
"../../../Engine/Content/EditorResources/S_BoxReflectionCapture.uexp" 128
"../../../Engine/Content/EditorResources/BSPVertex.uasset" 129
"../../../Engine/Content/EditorResources/BSPVertex.uexp" 130
"../../../Engine/Plugins/Runtime/AudioWidgets/Content/Resources/ScrubHandleDown_Clamped.uasset" 131
"../../../Engine/Plugins/Runtime/AudioWidgets/Content/Resources/ScrubHandleDown_Clamped.uexp" 132
"../../../Engine/Plugins/Interchange/Assets/Content/Functions/MX_UsdPreviewSurface.uasset" 133
"../../../Engine/Plugins/Interchange/Assets/Content/Functions/MX_UsdPreviewSurface.uexp" 134
"../../../Engine/Plugins/Interchange/Assets/Content/Functions/MX_UniformEDF.uasset" 135
"../../../Engine/Plugins/Interchange/Assets/Content/Functions/MX_UniformEDF.uexp" 136
"../../../Engine/Plugins/Interchange/Assets/Content/Functions/MX_TranslucentBSDF.uasset" 137
"../../../Engine/Plugins/Interchange/Assets/Content/Functions/MX_TranslucentBSDF.uexp" 138
"../../../Engine/Plugins/Interchange/Assets/Content/Functions/MX_ThinFilmBSDF.uasset" 139
"../../../Engine/Plugins/Interchange/Assets/Content/Functions/MX_ThinFilmBSDF.uexp" 140
"../../../Engine/Plugins/Interchange/Assets/Content/Functions/MX_SurfaceUnlit.uasset" 141
"../../../Engine/Plugins/Interchange/Assets/Content/Functions/MX_SurfaceUnlit.uexp" 142
"../../../Engine/Plugins/Interchange/Assets/Content/Functions/MX_Surface.uasset" 143
"../../../Engine/Plugins/Interchange/Assets/Content/Functions/MX_Surface.uexp" 144
"../../../Engine/Plugins/Interchange/Assets/Content/Functions/MX_SubsurfaceBSDF.uasset" 145
"../../../Engine/Plugins/Interchange/Assets/Content/Functions/MX_SubsurfaceBSDF.uexp" 146
"../../../Engine/Plugins/Interchange/Assets/Content/Functions/MX_SheenBSDF.uasset" 147
"../../../Engine/Plugins/Interchange/Assets/Content/Functions/MX_SheenBSDF.uexp" 148
"../../../Engine/Plugins/Interchange/Assets/Content/Functions/MX_OrenNayarBSDF.uasset" 149
"../../../Engine/Plugins/Interchange/Assets/Content/Functions/MX_OrenNayarBSDF.uexp" 150
"../../../Engine/Plugins/Interchange/Assets/Content/Functions/MF_IridescenceNoLUT.uasset" 151
"../../../Engine/Plugins/Interchange/Assets/Content/Functions/MF_IridescenceNoLUT.uexp" 152
"../../../Engine/Plugins/Interchange/Assets/Content/Functions/MX_StandardSurface.uasset" 153
"../../../Engine/Plugins/Interchange/Assets/Content/Functions/MX_StandardSurface.uexp" 154
"../../../Engine/Plugins/Interchange/Assets/Content/Functions/MX_TransmissionSurface.uasset" 155
"../../../Engine/Plugins/Interchange/Assets/Content/Functions/MX_TransmissionSurface.uexp" 156
"../../../Engine/Plugins/Interchange/Assets/Content/Functions/MX_OpenPBR_Translucent.uasset" 157
"../../../Engine/Plugins/Interchange/Assets/Content/Functions/MX_OpenPBR_Translucent.uexp" 158
"../../../Engine/Plugins/Interchange/Assets/Content/Functions/MX_OpenPBR_Opaque.uasset" 159
"../../../Engine/Plugins/Interchange/Assets/Content/Functions/MX_OpenPBR_Opaque.uexp" 160
"../../../Engine/Plugins/Interchange/Assets/Content/Functions/MX_MeasuredEDF.uasset" 161
"../../../Engine/Plugins/Interchange/Assets/Content/Functions/MX_MeasuredEDF.uexp" 162
"../../../Engine/Plugins/Interchange/Assets/Content/Functions/MX_GeneralizedSchlickBSDF.uasset" 163
"../../../Engine/Plugins/Interchange/Assets/Content/Functions/MX_GeneralizedSchlickBSDF.uexp" 164
"../../../Engine/Plugins/Interchange/Assets/Content/Functions/MX_Displacement.uasset" 165
"../../../Engine/Plugins/Interchange/Assets/Content/Functions/MX_Displacement.uexp" 166
"../../../Engine/Plugins/Interchange/Assets/Content/Functions/MX_DielectricBSDF.uasset" 167
"../../../Engine/Plugins/Interchange/Assets/Content/Functions/MX_DielectricBSDF.uexp" 168
"../../../Engine/Plugins/Interchange/Assets/Content/Functions/MX_ConicalEDF.uasset" 169
"../../../Engine/Plugins/Interchange/Assets/Content/Functions/MX_ConicalEDF.uexp" 170
"../../../Engine/Plugins/Interchange/Assets/Content/Functions/MX_ConductorBSDF.uasset" 171
"../../../Engine/Plugins/Interchange/Assets/Content/Functions/MX_ConductorBSDF.uexp" 172
"../../../Engine/Plugins/Interchange/Assets/Content/Functions/MX_BurleyDiffuseBSDF.uasset" 173
"../../../Engine/Plugins/Interchange/Assets/Content/Functions/MX_BurleyDiffuseBSDF.uexp" 174
"../../../Engine/Plugins/Interchange/Assets/Content/Functions/MX_AnisotropicVDF.uasset" 175
"../../../Engine/Plugins/Interchange/Assets/Content/Functions/MX_AnisotropicVDF.uexp" 176
"../../../Engine/Plugins/Interchange/Assets/Content/Functions/MX_AbsorptionVDF.uasset" 177
"../../../Engine/Plugins/Interchange/Assets/Content/Functions/MX_AbsorptionVDF.uexp" 178
"../../../Engine/Content/EditorResources/SequenceRecorder/RecordingIndicator.uasset" 179
"../../../Engine/Content/EditorResources/SequenceRecorder/RecordingIndicator.uexp" 180
"../../../Engine/Content/EditorResources/SequenceRecorder/Countdown.uasset" 181
"../../../Engine/Content/EditorResources/SequenceRecorder/Countdown.uexp" 182
"../../../Engine/Content/EditorMaterials/ParticleSystems/PSysThumbnail_OOD.ubulk" 183
"../../../Engine/Content/EditorMaterials/ParticleSystems/PSysThumbnail_OOD.uasset" 184
"../../../Engine/Content/EditorMaterials/ParticleSystems/PSysThumbnail_OOD.uexp" 185
"../../../Engine/Content/EditorMaterials/ParticleSystems/PSysThumbnail_NoImage.ubulk" 186
"../../../Engine/Content/EditorMaterials/ParticleSystems/PSysThumbnail_NoImage.uasset" 187
"../../../Engine/Content/EditorMaterials/ParticleSystems/PSysThumbnail_NoImage.uexp" 188
"../../../Engine/Content/EngineResources/FilmGrains/Marcie_Grain_v3_128_M2_000.uasset" 189
"../../../Engine/Content/EngineResources/FilmGrains/Marcie_Grain_v3_128_M2_000.uexp" 190
"../../../Engine/Content/EngineResources/Development/ZenLogo_64.uasset" 191
"../../../Engine/Content/EngineResources/Development/ZenLogo_64.uexp" 192
"../../../Engine/Content/EngineMaterials/LTC/Sheen_LTC.uasset" 193
"../../../Engine/Content/EngineMaterials/LTC/Sheen_LTC.uexp" 194
"../../../Engine/Content/EngineMaterials/LTC/GGX_LTCMat.uasset" 195
"../../../Engine/Content/EngineMaterials/LTC/GGX_LTCMat.uexp" 196
"../../../Engine/Content/EngineMaterials/LTC/GGX_LTCAmp.uasset" 197
"../../../Engine/Content/EngineMaterials/LTC/GGX_LTCAmp.uexp" 198
"../../../Engine/Content/EngineMaterials/EnergyConservation/Sheen_Energy.uasset" 199
"../../../Engine/Content/EngineMaterials/EnergyConservation/Sheen_Energy.uexp" 200
"../../../Engine/Content/EngineMaterials/EnergyConservation/SheenLegacy_Energy.uasset" 201
"../../../Engine/Content/EngineMaterials/EnergyConservation/SheenLegacy_Energy.uexp" 202
"../../../Engine/Content/EngineMaterials/EnergyConservation/GGX_TransmissionEnergyArray.uasset" 203
"../../../Engine/Content/EngineMaterials/EnergyConservation/GGX_TransmissionEnergyArray.uexp" 204
"../../../Engine/Content/EngineMaterials/EnergyConservation/GGX_ReflectionEnergy.uasset" 205
"../../../Engine/Content/EngineMaterials/EnergyConservation/GGX_ReflectionEnergy.uexp" 206
"../../../Engine/Content/EngineMaterials/EnergyConservation/Diffuse_Energy.uasset" 207
"../../../Engine/Content/EngineMaterials/EnergyConservation/Diffuse_Energy.uexp" 208
"F:/UE5 projects/vampicrabs/Content/InfimaGames/FreeFPSTemplate/Art/AssaultRifle/Meshes/SKEL_AssaultRifle.uasset" 209
"F:/UE5 projects/vampicrabs/Content/InfimaGames/FreeFPSTemplate/Art/AssaultRifle/Meshes/SKEL_AssaultRifle.uexp" 210
"../../../Engine/Plugins/Animation/ACLPlugin/Content/ACLAnimBoneCompressionSettings.uasset" 211
"../../../Engine/Plugins/Animation/ACLPlugin/Content/ACLAnimBoneCompressionSettings.uexp" 212
"../../../Engine/Content/Animation/DefaultVariableFrameStrippingSettings.uasset" 213
"../../../Engine/Content/Animation/DefaultVariableFrameStrippingSettings.uexp" 214
"../../../Engine/Content/Animation/DefaultAnimCurveCompressionSettings.uasset" 215
"../../../Engine/Content/Animation/DefaultAnimCurveCompressionSettings.uexp" 216
"F:/UE5 projects/vampicrabs/Content/InfimaGames/FreeFPSTemplate/Art/AssaultRifle/Animations/A_FP_WEP_AssaultRifle_Fire.uasset" 217
"F:/UE5 projects/vampicrabs/Content/InfimaGames/FreeFPSTemplate/Art/AssaultRifle/Animations/A_FP_WEP_AssaultRifle_Fire.uexp" 218
"F:/UE5 projects/vampicrabs/Content/InfimaGames/FreeFPSTemplate/Art/AssaultRifle/Animations/AM_FP_WEP_AssaultRifle_Fire.uasset" 219
"F:/UE5 projects/vampicrabs/Content/InfimaGames/FreeFPSTemplate/Art/AssaultRifle/Animations/AM_FP_WEP_AssaultRifle_Fire.uexp" 220
"F:/UE5 projects/vampicrabs/Content/InfimaGames/FreeFPSTemplate/Art/AssaultRifle/Animations/A_FP_WEP_AssaultRifle_Reload.uasset" 221
"F:/UE5 projects/vampicrabs/Content/InfimaGames/FreeFPSTemplate/Art/AssaultRifle/Animations/A_FP_WEP_AssaultRifle_Reload.uexp" 222
"F:/UE5 projects/vampicrabs/Content/InfimaGames/FreeFPSTemplate/Art/AssaultRifle/Animations/AM_FP_WEP_AssaultRifle_Reload.uasset" 223
"F:/UE5 projects/vampicrabs/Content/InfimaGames/FreeFPSTemplate/Art/AssaultRifle/Animations/AM_FP_WEP_AssaultRifle_Reload.uexp" 224
"F:/UE5 projects/vampicrabs/Content/InfimaGames/FreeFPSTemplate/Art/AssaultRifle/Textures/T_AssaultRifle_D.ubulk" 225
"F:/UE5 projects/vampicrabs/Content/InfimaGames/FreeFPSTemplate/Art/AssaultRifle/Textures/T_AssaultRifle_D.uasset" 226
"F:/UE5 projects/vampicrabs/Content/InfimaGames/FreeFPSTemplate/Art/AssaultRifle/Textures/T_AssaultRifle_D.uexp" 227
"F:/UE5 projects/vampicrabs/Content/InfimaGames/FreeFPSTemplate/Art/AssaultRifle/Materials/M_AssaultRifle.uasset" 228
"F:/UE5 projects/vampicrabs/Content/InfimaGames/FreeFPSTemplate/Art/AssaultRifle/Materials/M_AssaultRifle.uexp" 229
"F:/UE5 projects/vampicrabs/Content/InfimaGames/FreeFPSTemplate/Art/AssaultRifle/Materials/MI_AssaultRifle.uasset" 230
"F:/UE5 projects/vampicrabs/Content/InfimaGames/FreeFPSTemplate/Art/AssaultRifle/Materials/MI_AssaultRifle.uexp" 231
"F:/UE5 projects/vampicrabs/Content/InfimaGames/FreeFPSTemplate/Art/AssaultRifle/Meshes/SM_AssaultRifle_Magazine.ubulk" 232
"F:/UE5 projects/vampicrabs/Content/InfimaGames/FreeFPSTemplate/Art/AssaultRifle/Meshes/SM_AssaultRifle_Magazine.uasset" 233
"F:/UE5 projects/vampicrabs/Content/InfimaGames/FreeFPSTemplate/Art/AssaultRifle/Meshes/SM_AssaultRifle_Magazine.uexp" 234
"F:/UE5 projects/vampicrabs/Content/InfimaGames/FreeFPSTemplate/Core/ABP_AssaultRifle.uasset" 235
"F:/UE5 projects/vampicrabs/Content/InfimaGames/FreeFPSTemplate/Core/ABP_AssaultRifle.uexp" 236
"F:/UE5 projects/vampicrabs/Content/InfimaGames/FreeFPSTemplate/Core/BPI_Weapon.uasset" 237
"F:/UE5 projects/vampicrabs/Content/InfimaGames/FreeFPSTemplate/Core/BPI_Weapon.uexp" 238
"../../../Engine/Plugins/Interchange/Assets/Content/Functions/MF_PhongToMetalRoughness.uasset" 239
"../../../Engine/Plugins/Interchange/Assets/Content/Functions/MF_PhongToMetalRoughness.uexp" 240
"F:/UE5 projects/vampicrabs/Content/VampCrabs/textures/shotGun/DefaultMaterial_BaseColor.ubulk" 241
"F:/UE5 projects/vampicrabs/Content/VampCrabs/textures/shotGun/DefaultMaterial_BaseColor.uasset" 242
"F:/UE5 projects/vampicrabs/Content/VampCrabs/textures/shotGun/DefaultMaterial_BaseColor.uexp" 243
"F:/UE5 projects/vampicrabs/Content/VampCrabs/textures/shotGun/DefaultMaterial_Emission.ubulk" 244
"F:/UE5 projects/vampicrabs/Content/VampCrabs/textures/shotGun/DefaultMaterial_Emission.uasset" 245
"F:/UE5 projects/vampicrabs/Content/VampCrabs/textures/shotGun/DefaultMaterial_Emission.uexp" 246
"F:/UE5 projects/vampicrabs/Content/VampCrabs/textures/shotGun/DefaultMaterial_Normal.ubulk" 247
"F:/UE5 projects/vampicrabs/Content/VampCrabs/textures/shotGun/DefaultMaterial_Normal.uasset" 248
"F:/UE5 projects/vampicrabs/Content/VampCrabs/textures/shotGun/DefaultMaterial_Normal.uexp" 249
"F:/UE5 projects/vampicrabs/Content/VampCrabs/textures/shotGun/DefaultMaterial_Roughness.ubulk" 250
"F:/UE5 projects/vampicrabs/Content/VampCrabs/textures/shotGun/DefaultMaterial_Roughness.uasset" 251
"F:/UE5 projects/vampicrabs/Content/VampCrabs/textures/shotGun/DefaultMaterial_Roughness.uexp" 252
"F:/UE5 projects/vampicrabs/Content/VampCrabs/Materials/shotgun.uasset" 253
"F:/UE5 projects/vampicrabs/Content/VampCrabs/Materials/shotgun.uexp" 254
"F:/UE5 projects/vampicrabs/Content/VampCrabs/Models/Shotgun11_Skeleton.uasset" 255
"F:/UE5 projects/vampicrabs/Content/VampCrabs/Models/Shotgun11_Skeleton.uexp" 256
"F:/UE5 projects/vampicrabs/Content/VampCrabs/Models/Shotgun11_PhysicsAsset.uasset" 257
"F:/UE5 projects/vampicrabs/Content/VampCrabs/Models/Shotgun11_PhysicsAsset.uexp" 258
"F:/UE5 projects/vampicrabs/Content/VampCrabs/weapons/ShotGunHarpoon/Meshes/SK_ShotGun.uasset" 259
"F:/UE5 projects/vampicrabs/Content/VampCrabs/weapons/ShotGunHarpoon/Meshes/SK_ShotGun.uexp" 260
"F:/UE5 projects/vampicrabs/Content/InfimaGames/FreeFPSTemplate/Core/Enum_WeaponType.uasset" 261
"F:/UE5 projects/vampicrabs/Content/InfimaGames/FreeFPSTemplate/Core/Enum_WeaponType.uexp" 262
"F:/UE5 projects/vampicrabs/Content/InfimaGames/FreeFPSTemplate/Core/Enum_WeaponName.uasset" 263
"F:/UE5 projects/vampicrabs/Content/InfimaGames/FreeFPSTemplate/Core/Enum_WeaponName.uexp" 264
"F:/UE5 projects/vampicrabs/Content/InfimaGames/FreeFPSTemplate/Core/BP_WeaponMaster.uasset" 265
"F:/UE5 projects/vampicrabs/Content/InfimaGames/FreeFPSTemplate/Core/BP_WeaponMaster.uexp" 266
"F:/UE5 projects/vampicrabs/Content/InfimaGames/FreeFPSTemplate/Core/BP_AssaultRifle1.uasset" 267
"F:/UE5 projects/vampicrabs/Content/InfimaGames/FreeFPSTemplate/Core/BP_AssaultRifle1.uexp" 268
"../../../Engine/Content/Functions/Engine_MaterialFunctions01/Shading/PowerToRoughness.uasset" 269
"../../../Engine/Content/Functions/Engine_MaterialFunctions01/Shading/PowerToRoughness.uexp" 270
"../../../Engine/Content/Functions/Engine_MaterialFunctions01/Shading/ConvertFromDiffSpec.uasset" 271
"../../../Engine/Content/Functions/Engine_MaterialFunctions01/Shading/ConvertFromDiffSpec.uexp" 272
"../../../Engine/Content/EditorMaterials/Dataflow/DataflowTwoSidedVertexMaterial.uasset" 273
"../../../Engine/Content/EditorMaterials/Dataflow/DataflowTwoSidedVertexMaterial.uexp" 274
"../../../Engine/Content/EditorMaterials/Dataflow/DataflowVertexMaterial.uasset" 275
"../../../Engine/Content/EditorMaterials/Dataflow/DataflowVertexMaterial.uexp" 276
"../../../Engine/Plugins/Animation/ControlRig/Content/Controls/ControlRigGizmoMaterial.uasset" 277
"../../../Engine/Plugins/Animation/ControlRig/Content/Controls/ControlRigGizmoMaterial.uexp" 278
"../../../Engine/Plugins/Animation/ControlRig/Content/Controls/ControlRigXRayMaterial.uasset" 279
"../../../Engine/Plugins/Animation/ControlRig/Content/Controls/ControlRigXRayMaterial.uexp" 280
"../../../Engine/Content/Functions/Engine_MaterialFunctions02/Utility/VectorLength.uasset" 281
"../../../Engine/Content/Functions/Engine_MaterialFunctions02/Utility/VectorLength.uexp" 282
"../../../Engine/Content/Functions/Engine_MaterialFunctions02/Utility/BreakOutFloat3Components.uasset" 283
"../../../Engine/Content/Functions/Engine_MaterialFunctions02/Utility/BreakOutFloat3Components.uexp" 284
"../../../Engine/Content/Functions/Engine_MaterialFunctions02/WorldPositionOffset/ObjectScale.uasset" 285
"../../../Engine/Content/Functions/Engine_MaterialFunctions02/WorldPositionOffset/ObjectScale.uexp" 286
"../../../Engine/Content/Functions/Engine_MaterialFunctions02/SafeNormalize.uasset" 287
"../../../Engine/Content/Functions/Engine_MaterialFunctions02/SafeNormalize.uexp" 288
"../../../Engine/Plugins/Editor/SpeedTreeImporter/Content/SpeedTree9/UnpackInteger3.uasset" 289
"../../../Engine/Plugins/Editor/SpeedTreeImporter/Content/SpeedTree9/UnpackInteger3.uexp" 290
"../../../Engine/Plugins/Editor/SpeedTreeImporter/Content/SpeedTree9/UnpackDirection.uasset" 291
"../../../Engine/Plugins/Editor/SpeedTreeImporter/Content/SpeedTree9/UnpackDirection.uexp" 292
"../../../Engine/Plugins/Editor/SpeedTreeImporter/Content/SpeedTree9/game_wind_noise.ubulk" 293
"../../../Engine/Plugins/Editor/SpeedTreeImporter/Content/SpeedTree9/game_wind_noise.uasset" 294
"../../../Engine/Plugins/Editor/SpeedTreeImporter/Content/SpeedTree9/game_wind_noise.uexp" 295
"../../../Engine/Plugins/Editor/SpeedTreeImporter/Content/SpeedTree9/SpeedTreeWindMotion.uasset" 296
"../../../Engine/Plugins/Editor/SpeedTreeImporter/Content/SpeedTree9/SpeedTreeWindMotion.uexp" 297
"../../../Engine/Plugins/Editor/SpeedTreeImporter/Content/SpeedTree9/SpeedTreeBranchMotion.uasset" 298
"../../../Engine/Plugins/Editor/SpeedTreeImporter/Content/SpeedTree9/SpeedTreeBranchMotion.uexp" 299
"../../../Engine/Content/Functions/Engine_MaterialFunctions02/ObjectLocalBounds.uasset" 300
"../../../Engine/Content/Functions/Engine_MaterialFunctions02/ObjectLocalBounds.uexp" 301
"../../../Engine/Content/Functions/Engine_MaterialFunctions02/UVs/BoundingBoxBased_0-1_UVW.uasset" 302
"../../../Engine/Content/Functions/Engine_MaterialFunctions02/UVs/BoundingBoxBased_0-1_UVW.uexp" 303
"../../../Engine/Plugins/Editor/SpeedTreeImporter/Content/SpeedTree9/SpeedTreeWind.uasset" 304
"../../../Engine/Plugins/Editor/SpeedTreeImporter/Content/SpeedTree9/SpeedTreeWind.uexp" 305
"../../../Engine/Plugins/Editor/SpeedTreeImporter/Content/SpeedTree9/EmptyNormal.uasset" 306
"../../../Engine/Plugins/Editor/SpeedTreeImporter/Content/SpeedTree9/EmptyNormal.uexp" 307
"../../../Engine/Plugins/Editor/SpeedTreeImporter/Content/SpeedTree9/Empty.uasset" 308
"../../../Engine/Plugins/Editor/SpeedTreeImporter/Content/SpeedTree9/Empty.uexp" 309
"../../../Engine/Plugins/Editor/SpeedTreeImporter/Content/SpeedTree9/SpeedTreeBillboard.uasset" 310
"../../../Engine/Plugins/Editor/SpeedTreeImporter/Content/SpeedTree9/SpeedTreeBillboard.uexp" 311
"../../../Engine/Plugins/Editor/SpeedTreeImporter/Content/SpeedTree9/SpeedTreeBillboardMaster.uasset" 312
"../../../Engine/Plugins/Editor/SpeedTreeImporter/Content/SpeedTree9/SpeedTreeBillboardMaster.uexp" 313
"../../../Engine/Plugins/Editor/SpeedTreeImporter/Content/SpeedTree9/SpeedTreeCameraFacing.uasset" 314
"../../../Engine/Plugins/Editor/SpeedTreeImporter/Content/SpeedTree9/SpeedTreeCameraFacing.uexp" 315
"../../../Engine/Plugins/Editor/SpeedTreeImporter/Content/SpeedTree9/SpeedTreeMaster.uasset" 316
"../../../Engine/Plugins/Editor/SpeedTreeImporter/Content/SpeedTree9/SpeedTreeMaster.uexp" 317
"../../../Engine/Plugins/Runtime/HairStrands/Content/Materials/HairCardsDefaultMaterial.uasset" 318
"../../../Engine/Plugins/Runtime/HairStrands/Content/Materials/HairCardsDefaultMaterial.uexp" 319
"../../../Engine/Content/Functions/Engine_MaterialFunctions02/Utility/MakeFloat2.uasset" 320
"../../../Engine/Content/Functions/Engine_MaterialFunctions02/Utility/MakeFloat2.uexp" 321
"../../../Engine/Content/Functions/Engine_MaterialFunctions02/Utility/MakeFloat3.uasset" 322
"../../../Engine/Content/Functions/Engine_MaterialFunctions02/Utility/MakeFloat3.uexp" 323
"../../../Engine/Content/EngineMaterials/HairDebugColor.uasset" 324
"../../../Engine/Content/EngineMaterials/HairDebugColor.uexp" 325
"../../../Engine/Content/EngineMaterials/HairColorMap.uasset" 326
"../../../Engine/Content/EngineMaterials/HairColorMap.uexp" 327
"../../../Engine/Plugins/Runtime/HairStrands/Content/Materials/HairGroupColors.uasset" 328
"../../../Engine/Plugins/Runtime/HairStrands/Content/Materials/HairGroupColors.uexp" 329
"../../../Engine/Plugins/Runtime/HairStrands/Content/Materials/HairDebugMaterial.uasset" 330
"../../../Engine/Plugins/Runtime/HairStrands/Content/Materials/HairDebugMaterial.uexp" 331
"../../../Engine/Plugins/Runtime/HairStrands/Content/Materials/HairDefaultMaterial.uasset" 332
"../../../Engine/Plugins/Runtime/HairStrands/Content/Materials/HairDefaultMaterial.uexp" 333
"../../../Engine/Plugins/Runtime/HairStrands/Content/Materials/HairMeshesDefaultMaterial.uasset" 334
"../../../Engine/Plugins/Runtime/HairStrands/Content/Materials/HairMeshesDefaultMaterial.uexp" 335
"../../../Engine/Plugins/VirtualProduction/CameraCalibrationCore/Content/Materials/M_DefaultEvenSquare.uasset" 336
"../../../Engine/Plugins/VirtualProduction/CameraCalibrationCore/Content/Materials/M_DefaultEvenSquare.uexp" 337
"../../../Engine/Plugins/VirtualProduction/CameraCalibrationCore/Content/Materials/M_DefaultOddSquare.uasset" 338
"../../../Engine/Plugins/VirtualProduction/CameraCalibrationCore/Content/Materials/M_DefaultOddSquare.uexp" 339
"../../../Engine/Content/EngineDebugMaterials/DebugEditorMaterial.uasset" 340
"../../../Engine/Content/EngineDebugMaterials/DebugEditorMaterial.uexp" 341
"../../../Engine/Content/EngineDebugMaterials/DebugMeshMaterial.uasset" 342
"../../../Engine/Content/EngineDebugMaterials/DebugMeshMaterial.uexp" 343
"../../../Engine/Content/EngineDebugMaterials/M_SimpleUnlitTranslucent.uasset" 344
"../../../Engine/Content/EngineDebugMaterials/M_SimpleUnlitTranslucent.uexp" 345
"../../../Engine/Content/Functions/Engine_MaterialFunctions02/Utility/CameraDirectionVector.uasset" 346
"../../../Engine/Content/Functions/Engine_MaterialFunctions02/Utility/CameraDirectionVector.uexp" 347
"../../../Engine/Content/EngineDebugMaterials/VolumeToRender.uasset" 348
"../../../Engine/Content/EngineDebugMaterials/VolumeToRender.uexp" 349
"../../../Engine/Content/EngineDebugMaterials/M_VolumeRenderSphereTracePP.uasset" 350
"../../../Engine/Content/EngineDebugMaterials/M_VolumeRenderSphereTracePP.uexp" 351
"../../../Engine/Content/EngineMaterials/DefaultDiffuse.ubulk" 352
"../../../Engine/Content/EngineMaterials/DefaultDiffuse.uasset" 353
"../../../Engine/Content/EngineMaterials/DefaultDiffuse.uexp" 354
"../../../Engine/Content/EngineMaterials/DefaultDeferredDecalMaterial.uasset" 355
"../../../Engine/Content/EngineMaterials/DefaultDeferredDecalMaterial.uexp" 356
"../../../Engine/Content/EngineMaterials/DefaultLightFunctionMaterial.uasset" 357
"../../../Engine/Content/EngineMaterials/DefaultLightFunctionMaterial.uexp" 358
"../../../Engine/Content/Functions/Engine_MaterialFunctions02/Utility/BreakOutFloat2Components.uasset" 359
"../../../Engine/Content/Functions/Engine_MaterialFunctions02/Utility/BreakOutFloat2Components.uexp" 360
"../../../Engine/Content/EngineMaterials/DefaultPostProcessMaterial.uasset" 361
"../../../Engine/Content/EngineMaterials/DefaultPostProcessMaterial.uexp" 362
"../../../Engine/Content/EngineFonts/RobotoDistanceField.uasset" 363
"../../../Engine/Content/EngineFonts/RobotoDistanceField.uexp" 364
"../../../Engine/Content/EngineMaterials/DefaultTextMaterialOpaque.uasset" 365
"../../../Engine/Content/EngineMaterials/DefaultTextMaterialOpaque.uexp" 366
"../../../Engine/Content/EngineMaterials/DefaultWhiteGrid_Low.uasset" 367
"../../../Engine/Content/EngineMaterials/DefaultWhiteGrid_Low.uexp" 368
"../../../Engine/Content/EngineMaterials/EmissiveMeshMaterial.uasset" 369
"../../../Engine/Content/EngineMaterials/EmissiveMeshMaterial.uexp" 370
"../../../Engine/Content/EngineMaterials/BaseFlattenNormalMap.uasset" 371
"../../../Engine/Content/EngineMaterials/BaseFlattenNormalMap.uexp" 372
"../../../Engine/Content/EngineMaterials/BaseFlattenDiffuseMap.uasset" 373
"../../../Engine/Content/EngineMaterials/BaseFlattenDiffuseMap.uexp" 374
"../../../Engine/Content/EngineMaterials/BaseFlattenEmissiveMap.uasset" 375
"../../../Engine/Content/EngineMaterials/BaseFlattenEmissiveMap.uexp" 376
"../../../Engine/Content/EngineMaterials/BaseFlattenGrayscaleMap.uasset" 377
"../../../Engine/Content/EngineMaterials/BaseFlattenGrayscaleMap.uexp" 378
"../../../Engine/Content/EngineMaterials/BaseFlattenLinearColor.uasset" 379
"../../../Engine/Content/EngineMaterials/BaseFlattenLinearColor.uexp" 380
"../../../Engine/Content/Functions/Engine_MaterialFunctions02/PivotPainter2/Black_1x1_EXR_Texture.uasset" 381
"../../../Engine/Content/Functions/Engine_MaterialFunctions02/PivotPainter2/Black_1x1_EXR_Texture.uexp" 382
"../../../Engine/Content/EngineMaterials/FlattenMaterial.uasset" 383
"../../../Engine/Content/EngineMaterials/FlattenMaterial.uexp" 384
"../../../Engine/Content/EngineMaterials/BaseFlattenDiffuseMap_VT.ubulk" 385
"../../../Engine/Content/EngineMaterials/BaseFlattenDiffuseMap_VT.uasset" 386
"../../../Engine/Content/EngineMaterials/BaseFlattenDiffuseMap_VT.uexp" 387
"../../../Engine/Content/EngineMaterials/BaseFlattenEmissiveMap_VT.ubulk" 388
"../../../Engine/Content/EngineMaterials/BaseFlattenEmissiveMap_VT.uasset" 389
"../../../Engine/Content/EngineMaterials/BaseFlattenEmissiveMap_VT.uexp" 390
"../../../Engine/Content/EngineMaterials/BaseFlattenGrayscaleMap_VT.ubulk" 391
"../../../Engine/Content/EngineMaterials/BaseFlattenGrayscaleMap_VT.uasset" 392
"../../../Engine/Content/EngineMaterials/BaseFlattenGrayscaleMap_VT.uexp" 393
"../../../Engine/Content/EngineMaterials/BaseFlattenLinearColor_VT.ubulk" 394
"../../../Engine/Content/EngineMaterials/BaseFlattenLinearColor_VT.uasset" 395
"../../../Engine/Content/EngineMaterials/BaseFlattenLinearColor_VT.uexp" 396
"../../../Engine/Content/EngineMaterials/BaseFlattenNormalMap_VT.ubulk" 397
"../../../Engine/Content/EngineMaterials/BaseFlattenNormalMap_VT.uasset" 398
"../../../Engine/Content/EngineMaterials/BaseFlattenNormalMap_VT.uexp" 399
"../../../Engine/Content/EngineMaterials/Black_1x1_EXR_Texture_VT.ubulk" 400
"../../../Engine/Content/EngineMaterials/Black_1x1_EXR_Texture_VT.uasset" 401
"../../../Engine/Content/EngineMaterials/Black_1x1_EXR_Texture_VT.uexp" 402
"../../../Engine/Content/EngineMaterials/FlattenMaterial_VT.uasset" 403
"../../../Engine/Content/EngineMaterials/FlattenMaterial_VT.uexp" 404
"../../../Engine/Content/EngineMaterials/FlattenMaterial_WS_Normal_VT.uasset" 405
"../../../Engine/Content/EngineMaterials/FlattenMaterial_WS_Normal_VT.uexp" 406
"../../../Engine/Content/EngineMaterials/GizmoMaterial.uasset" 407
"../../../Engine/Content/EngineMaterials/GizmoMaterial.uexp" 408
"../../../Engine/Content/EngineMaterials/InvalidLightmapSettings.ubulk" 409
"../../../Engine/Content/EngineMaterials/InvalidLightmapSettings.uasset" 410
"../../../Engine/Content/EngineMaterials/InvalidLightmapSettings.uexp" 411
"../../../Engine/Content/EngineMaterials/M_InvalidLightmapSettings.uasset" 412
"../../../Engine/Content/EngineMaterials/M_InvalidLightmapSettings.uexp" 413
"../../../Engine/Content/EngineMaterials/NaniteHiddenSectionMaterial.uasset" 414
"../../../Engine/Content/EngineMaterials/NaniteHiddenSectionMaterial.uexp" 415
"../../../Engine/Content/Functions/Engine_MaterialFunctions02/WorldPositionOffset/CameraOffset.uasset" 416
"../../../Engine/Content/Functions/Engine_MaterialFunctions02/WorldPositionOffset/CameraOffset.uexp" 417
"../../../Engine/Content/EngineMaterials/PhAT_JointLimitMaterial.uasset" 418
"../../../Engine/Content/EngineMaterials/PhAT_JointLimitMaterial.uexp" 419
"../../../Engine/Content/EngineMaterials/DefaultCalibrationColor.uasset" 420
"../../../Engine/Content/EngineMaterials/DefaultCalibrationColor.uexp" 421
"../../../Engine/Content/EngineMaterials/PPM_DefaultCalibrationColor.uasset" 422
"../../../Engine/Content/EngineMaterials/PPM_DefaultCalibrationColor.uexp" 423
"../../../Engine/Content/EngineMaterials/DefaultCalibrationGrayscale.uasset" 424
"../../../Engine/Content/EngineMaterials/DefaultCalibrationGrayscale.uexp" 425
"../../../Engine/Content/EngineMaterials/PPM_DefaultCalibrationGrayscale.uasset" 426
"../../../Engine/Content/EngineMaterials/PPM_DefaultCalibrationGrayscale.uexp" 427
"../../../Engine/Content/EngineMaterials/RemoveSurfaceMaterial.uasset" 428
"../../../Engine/Content/EngineMaterials/RemoveSurfaceMaterial.uexp" 429
"../../../Engine/Content/EditorLandscapeResources/DefaultAlphaTexture.uasset" 430
"../../../Engine/Content/EditorLandscapeResources/DefaultAlphaTexture.uexp" 431
"../../../Engine/Content/EditorLandscapeResources/LandscapeDirtyMaterial.uasset" 432
"../../../Engine/Content/EditorLandscapeResources/LandscapeDirtyMaterial.uexp" 433
"../../../Engine/Content/Functions/Engine_MaterialFunctions01/Texturing/ScaleUVsByCenter.uasset" 434
"../../../Engine/Content/Functions/Engine_MaterialFunctions01/Texturing/ScaleUVsByCenter.uexp" 435
"../../../Engine/Content/Functions/Engine_MaterialFunctions02/WorldPositionOffset/LocalPosition.uasset" 436
"../../../Engine/Content/Functions/Engine_MaterialFunctions02/WorldPositionOffset/LocalPosition.uexp" 437
"../../../Engine/Content/Functions/Engine_MaterialFunctions01/Texturing/TextureCropping.uasset" 438
"../../../Engine/Content/Functions/Engine_MaterialFunctions01/Texturing/TextureCropping.uexp" 439
"../../../Engine/Content/Functions/Engine_MaterialFunctions02/ExampleContent/DebugNumberStrip.uasset" 440
"../../../Engine/Content/Functions/Engine_MaterialFunctions02/ExampleContent/DebugNumberStrip.uexp" 441
"../../../Engine/Content/Functions/Engine_MaterialFunctions01/Debug/DebugIntValues.uasset" 442
"../../../Engine/Content/Functions/Engine_MaterialFunctions01/Debug/DebugIntValues.uexp" 443
"../../../Engine/Content/EditorLandscapeResources/LandscapeLayerUsageMaterial.uasset" 444
"../../../Engine/Content/EditorLandscapeResources/LandscapeLayerUsageMaterial.uexp" 445
"../../../Engine/Content/EditorLandscapeResources/WhiteSquareTexture.uasset" 446
"../../../Engine/Content/EditorLandscapeResources/WhiteSquareTexture.uexp" 447
"../../../Engine/Content/EditorLandscapeResources/LayerVisMaterial.uasset" 448
"../../../Engine/Content/EditorLandscapeResources/LayerVisMaterial.uexp" 449
"../../../Engine/Content/EditorMaterials/PhAT_NoCollisionMaterial.uasset" 450
"../../../Engine/Content/EditorMaterials/PhAT_NoCollisionMaterial.uexp" 451
"../../../Engine/Content/EditorMaterials/PhAT_UnselectedMaterial.uasset" 452
"../../../Engine/Content/EditorMaterials/PhAT_UnselectedMaterial.uexp" 453
"../../../Engine/Content/EditorMaterials/PreviewShadowIndicator.ubulk" 454
"../../../Engine/Content/EditorMaterials/PreviewShadowIndicator.uasset" 455
"../../../Engine/Content/EditorMaterials/PreviewShadowIndicator.uexp" 456
"../../../Engine/Content/EditorMaterials/PreviewShadowIndicatorMaterial.uasset" 457
"../../../Engine/Content/EditorMaterials/PreviewShadowIndicatorMaterial.uexp" 458
"../../../Engine/Plugins/Animation/ControlRig/Content/M_Manip.uasset" 459
"../../../Engine/Plugins/Animation/ControlRig/Content/M_Manip.uexp" 460
"../../../Engine/Content/EngineMeshes/Sphere.ubulk" 461
"../../../Engine/Content/EngineMeshes/Sphere.uasset" 462
"../../../Engine/Content/EngineMeshes/Sphere.uexp" 463
"../../../Engine/Content/EngineMaterials/Substrate/GLints/AGlintTex2dArray.uasset" 464
"../../../Engine/Content/EngineMaterials/Substrate/GLints/AGlintTex2dArray.uexp" 465
"../../../Engine/Content/EngineMaterials/Substrate/Glints2/AGlintTex2dArray2.uasset" 466
"../../../Engine/Content/EngineMaterials/Substrate/Glints2/AGlintTex2dArray2.uexp" 467
"../../../Engine/Content/EngineMaterials/T_Default_Material_Grid_M.ubulk" 468
"../../../Engine/Content/EngineMaterials/T_Default_Material_Grid_M.uasset" 469
"../../../Engine/Content/EngineMaterials/T_Default_Material_Grid_M.uexp" 470
"../../../Engine/Content/Functions/Engine_MaterialFunctions01/Opacity/CameraDepthFade.uasset" 471
"../../../Engine/Content/Functions/Engine_MaterialFunctions01/Opacity/CameraDepthFade.uexp" 472
"../../../Engine/Content/EngineMaterials/T_Default_Material_Grid_N.ubulk" 473
"../../../Engine/Content/EngineMaterials/T_Default_Material_Grid_N.uasset" 474
"../../../Engine/Content/EngineMaterials/T_Default_Material_Grid_N.uexp" 475
"../../../Engine/Content/EngineMaterials/WorldGridMaterial.uasset" 476
"../../../Engine/Content/EngineMaterials/WorldGridMaterial.uexp" 477
"../../../Engine/Content/ArtTools/RenderToTexture/Meshes/S_1_Unit_Plane.ubulk" 478
"../../../Engine/Content/ArtTools/RenderToTexture/Meshes/S_1_Unit_Plane.uasset" 479
"../../../Engine/Content/ArtTools/RenderToTexture/Meshes/S_1_Unit_Plane.uexp" 480
"../../../Engine/Content/VREditor/TransformGizmo/TranslucentTransformGizmoMaterial.uasset" 481
"../../../Engine/Content/VREditor/TransformGizmo/TranslucentTransformGizmoMaterial.uexp" 482
"../../../Engine/Content/VREditor/LaserPointer/VR_LaserPower_01.ubulk" 483
"../../../Engine/Content/VREditor/LaserPointer/VR_LaserPower_01.uasset" 484
"../../../Engine/Content/VREditor/LaserPointer/VR_LaserPower_01.uexp" 485
"../../../Engine/Content/VREditor/TransformGizmo/TransformGizmoMaterial.uasset" 486
"../../../Engine/Content/VREditor/TransformGizmo/TransformGizmoMaterial.uexp" 487
"../../../Engine/Content/VREditor/TransformGizmo/BoundingBoxCorner.ubulk" 488
"../../../Engine/Content/VREditor/TransformGizmo/BoundingBoxCorner.uasset" 489
"../../../Engine/Content/VREditor/TransformGizmo/BoundingBoxCorner.uexp" 490
"../../../Engine/Content/VREditor/TransformGizmo/BoundingBoxEdge.ubulk" 491
"../../../Engine/Content/VREditor/TransformGizmo/BoundingBoxEdge.uasset" 492
"../../../Engine/Content/VREditor/TransformGizmo/BoundingBoxEdge.uexp" 493
"../../../Engine/Content/VREditor/TransformGizmo/Xray.uasset" 494
"../../../Engine/Content/VREditor/TransformGizmo/Xray.uexp" 495
"../../../Engine/Content/VREditor/TransformGizmo/Main.uasset" 496
"../../../Engine/Content/VREditor/TransformGizmo/Main.uexp" 497
"../../../Engine/Content/VREditor/TransformGizmo/SM_Sequencer_Node.ubulk" 498
"../../../Engine/Content/VREditor/TransformGizmo/SM_Sequencer_Node.uasset" 499
"../../../Engine/Content/VREditor/TransformGizmo/SM_Sequencer_Node.uexp" 500
"../../../Engine/Content/EditorMaterials/Camera/CineMat.uasset" 501
"../../../Engine/Content/EditorMaterials/Camera/CineMat.uexp" 502
"../../../Engine/Content/EditorMaterials/Camera/MI_CineMat_Rig.uasset" 503
"../../../Engine/Content/EditorMaterials/Camera/MI_CineMat_Rig.uexp" 504
"../../../Engine/Content/EditorMeshes/Camera/SM_CraneRig_Arm.ubulk" 505
"../../../Engine/Content/EditorMeshes/Camera/SM_CraneRig_Arm.uasset" 506
"../../../Engine/Content/EditorMeshes/Camera/SM_CraneRig_Arm.uexp" 507
"../../../Engine/Content/EditorMeshes/Camera/SM_CraneRig_Base.ubulk" 508
"../../../Engine/Content/EditorMeshes/Camera/SM_CraneRig_Base.uasset" 509
"../../../Engine/Content/EditorMeshes/Camera/SM_CraneRig_Base.uexp" 510
"../../../Engine/Content/EditorMeshes/Camera/SM_CraneRig_Body.ubulk" 511
"../../../Engine/Content/EditorMeshes/Camera/SM_CraneRig_Body.uasset" 512
"../../../Engine/Content/EditorMeshes/Camera/SM_CraneRig_Body.uexp" 513
"../../../Engine/Content/EditorMeshes/Camera/SM_CraneRig_Mount.ubulk" 514
"../../../Engine/Content/EditorMeshes/Camera/SM_CraneRig_Mount.uasset" 515
"../../../Engine/Content/EditorMeshes/Camera/SM_CraneRig_Mount.uexp" 516
"../../../Engine/Content/EditorMeshes/Camera/SM_RailRig_Mount.ubulk" 517
"../../../Engine/Content/EditorMeshes/Camera/SM_RailRig_Mount.uasset" 518
"../../../Engine/Content/EditorMeshes/Camera/SM_RailRig_Mount.uexp" 519
"../../../Engine/Content/EditorMeshes/Camera/SM_RailRig_Track.ubulk" 520
"../../../Engine/Content/EditorMeshes/Camera/SM_RailRig_Track.uasset" 521
"../../../Engine/Content/EditorMeshes/Camera/SM_RailRig_Track.uexp" 522
"../../../Engine/Plugins/Animation/ControlRig/Content/Controls/ControlRig_Arrow2_1mm.ubulk" 523
"../../../Engine/Plugins/Animation/ControlRig/Content/Controls/ControlRig_Arrow2_1mm.uasset" 524
"../../../Engine/Plugins/Animation/ControlRig/Content/Controls/ControlRig_Arrow2_1mm.uexp" 525
"../../../Engine/Plugins/Animation/ControlRig/Content/Controls/ControlRig_Arrow2_3mm.ubulk" 526
"../../../Engine/Plugins/Animation/ControlRig/Content/Controls/ControlRig_Arrow2_3mm.uasset" 527
"../../../Engine/Plugins/Animation/ControlRig/Content/Controls/ControlRig_Arrow2_3mm.uexp" 528
"../../../Engine/Plugins/Animation/ControlRig/Content/Controls/ControlRig_Arrow2_solid.ubulk" 529
"../../../Engine/Plugins/Animation/ControlRig/Content/Controls/ControlRig_Arrow2_solid.uasset" 530
"../../../Engine/Plugins/Animation/ControlRig/Content/Controls/ControlRig_Arrow2_solid.uexp" 531
"../../../Engine/Plugins/Animation/ControlRig/Content/Controls/ControlRig_Arrow4_1mm.ubulk" 532
"../../../Engine/Plugins/Animation/ControlRig/Content/Controls/ControlRig_Arrow4_1mm.uasset" 533
"../../../Engine/Plugins/Animation/ControlRig/Content/Controls/ControlRig_Arrow4_1mm.uexp" 534
"../../../Engine/Plugins/Animation/ControlRig/Content/Controls/ControlRig_Arrow4_3mm.ubulk" 535
"../../../Engine/Plugins/Animation/ControlRig/Content/Controls/ControlRig_Arrow4_3mm.uasset" 536
"../../../Engine/Plugins/Animation/ControlRig/Content/Controls/ControlRig_Arrow4_3mm.uexp" 537
"../../../Engine/Plugins/Animation/ControlRig/Content/Controls/ControlRig_Arrow4_solid.ubulk" 538
"../../../Engine/Plugins/Animation/ControlRig/Content/Controls/ControlRig_Arrow4_solid.uasset" 539
"../../../Engine/Plugins/Animation/ControlRig/Content/Controls/ControlRig_Arrow4_solid.uexp" 540
"../../../Engine/Plugins/Animation/ControlRig/Content/Controls/ControlRig_Arrow_1mm.ubulk" 541
"../../../Engine/Plugins/Animation/ControlRig/Content/Controls/ControlRig_Arrow_1mm.uasset" 542
"../../../Engine/Plugins/Animation/ControlRig/Content/Controls/ControlRig_Arrow_1mm.uexp" 543
"../../../Engine/Plugins/Animation/ControlRig/Content/Controls/ControlRig_Arrow_3mm.ubulk" 544
"../../../Engine/Plugins/Animation/ControlRig/Content/Controls/ControlRig_Arrow_3mm.uasset" 545
"../../../Engine/Plugins/Animation/ControlRig/Content/Controls/ControlRig_Arrow_3mm.uexp" 546
"../../../Engine/Plugins/Animation/ControlRig/Content/Controls/ControlRig_Arrow_solid.ubulk" 547
"../../../Engine/Plugins/Animation/ControlRig/Content/Controls/ControlRig_Arrow_solid.uasset" 548
"../../../Engine/Plugins/Animation/ControlRig/Content/Controls/ControlRig_Arrow_solid.uexp" 549
"../../../Engine/Plugins/Animation/ControlRig/Content/Controls/ControlRig_Box_1mm.ubulk" 550
"../../../Engine/Plugins/Animation/ControlRig/Content/Controls/ControlRig_Box_1mm.uasset" 551
"../../../Engine/Plugins/Animation/ControlRig/Content/Controls/ControlRig_Box_1mm.uexp" 552
"../../../Engine/Plugins/Animation/ControlRig/Content/Controls/ControlRig_Box_3mm.ubulk" 553
"../../../Engine/Plugins/Animation/ControlRig/Content/Controls/ControlRig_Box_3mm.uasset" 554
"../../../Engine/Plugins/Animation/ControlRig/Content/Controls/ControlRig_Box_3mm.uexp" 555
"../../../Engine/Plugins/Animation/ControlRig/Content/Controls/ControlRig_Box_solid.ubulk" 556
"../../../Engine/Plugins/Animation/ControlRig/Content/Controls/ControlRig_Box_solid.uasset" 557
"../../../Engine/Plugins/Animation/ControlRig/Content/Controls/ControlRig_Box_solid.uexp" 558
"../../../Engine/Plugins/Animation/ControlRig/Content/Controls/ControlRig_Circle_1mm.ubulk" 559
"../../../Engine/Plugins/Animation/ControlRig/Content/Controls/ControlRig_Circle_1mm.uasset" 560
"../../../Engine/Plugins/Animation/ControlRig/Content/Controls/ControlRig_Circle_1mm.uexp" 561
"../../../Engine/Plugins/Animation/ControlRig/Content/Controls/ControlRig_Circle_3mm.ubulk" 562
"../../../Engine/Plugins/Animation/ControlRig/Content/Controls/ControlRig_Circle_3mm.uasset" 563
"../../../Engine/Plugins/Animation/ControlRig/Content/Controls/ControlRig_Circle_3mm.uexp" 564
"../../../Engine/Plugins/Animation/ControlRig/Content/Controls/ControlRig_Circle_solid.ubulk" 565
"../../../Engine/Plugins/Animation/ControlRig/Content/Controls/ControlRig_Circle_solid.uasset" 566
"../../../Engine/Plugins/Animation/ControlRig/Content/Controls/ControlRig_Circle_solid.uexp" 567
"../../../Engine/Plugins/Animation/ControlRig/Content/Controls/ControlRig_Diamond_1mm.ubulk" 568
"../../../Engine/Plugins/Animation/ControlRig/Content/Controls/ControlRig_Diamond_1mm.uasset" 569
"../../../Engine/Plugins/Animation/ControlRig/Content/Controls/ControlRig_Diamond_1mm.uexp" 570
"../../../Engine/Plugins/Animation/ControlRig/Content/Controls/ControlRig_Diamond_3mm.ubulk" 571
"../../../Engine/Plugins/Animation/ControlRig/Content/Controls/ControlRig_Diamond_3mm.uasset" 572
"../../../Engine/Plugins/Animation/ControlRig/Content/Controls/ControlRig_Diamond_3mm.uexp" 573
"../../../Engine/Plugins/Animation/ControlRig/Content/Controls/ControlRig_Diamond_solid.ubulk" 574
"../../../Engine/Plugins/Animation/ControlRig/Content/Controls/ControlRig_Diamond_solid.uasset" 575
"../../../Engine/Plugins/Animation/ControlRig/Content/Controls/ControlRig_Diamond_solid.uexp" 576
"../../../Engine/Plugins/Animation/ControlRig/Content/Controls/ControlRig_HalfCircle_1mm.ubulk" 577
"../../../Engine/Plugins/Animation/ControlRig/Content/Controls/ControlRig_HalfCircle_1mm.uasset" 578
"../../../Engine/Plugins/Animation/ControlRig/Content/Controls/ControlRig_HalfCircle_1mm.uexp" 579
"../../../Engine/Plugins/Animation/ControlRig/Content/Controls/ControlRig_HalfCircle_3mm.ubulk" 580
"../../../Engine/Plugins/Animation/ControlRig/Content/Controls/ControlRig_HalfCircle_3mm.uasset" 581
"../../../Engine/Plugins/Animation/ControlRig/Content/Controls/ControlRig_HalfCircle_3mm.uexp" 582
"../../../Engine/Plugins/Animation/ControlRig/Content/Controls/ControlRig_HalfCircle_solid.ubulk" 583
"../../../Engine/Plugins/Animation/ControlRig/Content/Controls/ControlRig_HalfCircle_solid.uasset" 584
"../../../Engine/Plugins/Animation/ControlRig/Content/Controls/ControlRig_HalfCircle_solid.uexp" 585
"../../../Engine/Plugins/Animation/ControlRig/Content/Controls/ControlRig_Hexagon_1mm.ubulk" 586
"../../../Engine/Plugins/Animation/ControlRig/Content/Controls/ControlRig_Hexagon_1mm.uasset" 587
"../../../Engine/Plugins/Animation/ControlRig/Content/Controls/ControlRig_Hexagon_1mm.uexp" 588
"../../../Engine/Plugins/Animation/ControlRig/Content/Controls/ControlRig_Hexagon_3mm.ubulk" 589
"../../../Engine/Plugins/Animation/ControlRig/Content/Controls/ControlRig_Hexagon_3mm.uasset" 590
"../../../Engine/Plugins/Animation/ControlRig/Content/Controls/ControlRig_Hexagon_3mm.uexp" 591
"../../../Engine/Plugins/Animation/ControlRig/Content/Controls/ControlRig_Hexagon_solid.ubulk" 592
"../../../Engine/Plugins/Animation/ControlRig/Content/Controls/ControlRig_Hexagon_solid.uasset" 593
"../../../Engine/Plugins/Animation/ControlRig/Content/Controls/ControlRig_Hexagon_solid.uexp" 594
"../../../Engine/Plugins/Animation/ControlRig/Content/Controls/ControlRig_Octagon_1mm.ubulk" 595
"../../../Engine/Plugins/Animation/ControlRig/Content/Controls/ControlRig_Octagon_1mm.uasset" 596
"../../../Engine/Plugins/Animation/ControlRig/Content/Controls/ControlRig_Octagon_1mm.uexp" 597
"../../../Engine/Plugins/Animation/ControlRig/Content/Controls/ControlRig_Octagon_3mm.ubulk" 598
"../../../Engine/Plugins/Animation/ControlRig/Content/Controls/ControlRig_Octagon_3mm.uasset" 599
"../../../Engine/Plugins/Animation/ControlRig/Content/Controls/ControlRig_Octagon_3mm.uexp" 600
"../../../Engine/Plugins/Animation/ControlRig/Content/Controls/ControlRig_Octagon_solid.ubulk" 601
"../../../Engine/Plugins/Animation/ControlRig/Content/Controls/ControlRig_Octagon_solid.uasset" 602
"../../../Engine/Plugins/Animation/ControlRig/Content/Controls/ControlRig_Octagon_solid.uexp" 603
"../../../Engine/Plugins/Animation/ControlRig/Content/Controls/ControlRig_Pyramid_1mm.ubulk" 604
"../../../Engine/Plugins/Animation/ControlRig/Content/Controls/ControlRig_Pyramid_1mm.uasset" 605
"../../../Engine/Plugins/Animation/ControlRig/Content/Controls/ControlRig_Pyramid_1mm.uexp" 606
"../../../Engine/Plugins/Animation/ControlRig/Content/Controls/ControlRig_Pyramid_3mm.ubulk" 607
"../../../Engine/Plugins/Animation/ControlRig/Content/Controls/ControlRig_Pyramid_3mm.uasset" 608
"../../../Engine/Plugins/Animation/ControlRig/Content/Controls/ControlRig_Pyramid_3mm.uexp" 609
"../../../Engine/Plugins/Animation/ControlRig/Content/Controls/ControlRig_Pyramid_solid.ubulk" 610
"../../../Engine/Plugins/Animation/ControlRig/Content/Controls/ControlRig_Pyramid_solid.uasset" 611
"../../../Engine/Plugins/Animation/ControlRig/Content/Controls/ControlRig_Pyramid_solid.uexp" 612
"../../../Engine/Plugins/Animation/ControlRig/Content/Controls/ControlRig_QuarterCircle_1mm.ubulk" 613
"../../../Engine/Plugins/Animation/ControlRig/Content/Controls/ControlRig_QuarterCircle_1mm.uasset" 614
"../../../Engine/Plugins/Animation/ControlRig/Content/Controls/ControlRig_QuarterCircle_1mm.uexp" 615
"../../../Engine/Plugins/Animation/ControlRig/Content/Controls/ControlRig_QuarterCircle_3mm.ubulk" 616
"../../../Engine/Plugins/Animation/ControlRig/Content/Controls/ControlRig_QuarterCircle_3mm.uasset" 617
"../../../Engine/Plugins/Animation/ControlRig/Content/Controls/ControlRig_QuarterCircle_3mm.uexp" 618
"../../../Engine/Plugins/Animation/ControlRig/Content/Controls/ControlRig_QuarterCircle_solid.ubulk" 619
"../../../Engine/Plugins/Animation/ControlRig/Content/Controls/ControlRig_QuarterCircle_solid.uasset" 620
"../../../Engine/Plugins/Animation/ControlRig/Content/Controls/ControlRig_QuarterCircle_solid.uexp" 621
"../../../Engine/Plugins/Animation/ControlRig/Content/Controls/ControlRig_RoundedSquare_1mm.ubulk" 622
"../../../Engine/Plugins/Animation/ControlRig/Content/Controls/ControlRig_RoundedSquare_1mm.uasset" 623
"../../../Engine/Plugins/Animation/ControlRig/Content/Controls/ControlRig_RoundedSquare_1mm.uexp" 624
"../../../Engine/Plugins/Animation/ControlRig/Content/Controls/ControlRig_RoundedSquare_3mm.ubulk" 625
"../../../Engine/Plugins/Animation/ControlRig/Content/Controls/ControlRig_RoundedSquare_3mm.uasset" 626
"../../../Engine/Plugins/Animation/ControlRig/Content/Controls/ControlRig_RoundedSquare_3mm.uexp" 627
"../../../Engine/Plugins/Animation/ControlRig/Content/Controls/ControlRig_RoundedSquare_solid.ubulk" 628
"../../../Engine/Plugins/Animation/ControlRig/Content/Controls/ControlRig_RoundedSquare_solid.uasset" 629
"../../../Engine/Plugins/Animation/ControlRig/Content/Controls/ControlRig_RoundedSquare_solid.uexp" 630
"../../../Engine/Plugins/Animation/ControlRig/Content/Controls/ControlRig_RoundedTriangle_1mm.ubulk" 631
"../../../Engine/Plugins/Animation/ControlRig/Content/Controls/ControlRig_RoundedTriangle_1mm.uasset" 632
"../../../Engine/Plugins/Animation/ControlRig/Content/Controls/ControlRig_RoundedTriangle_1mm.uexp" 633
"../../../Engine/Plugins/Animation/ControlRig/Content/Controls/ControlRig_RoundedTriangle_3mm.ubulk" 634
"../../../Engine/Plugins/Animation/ControlRig/Content/Controls/ControlRig_RoundedTriangle_3mm.uasset" 635
"../../../Engine/Plugins/Animation/ControlRig/Content/Controls/ControlRig_RoundedTriangle_3mm.uexp" 636
"../../../Engine/Plugins/Animation/ControlRig/Content/Controls/ControlRig_RoundedTriangle_solid.ubulk" 637
"../../../Engine/Plugins/Animation/ControlRig/Content/Controls/ControlRig_RoundedTriangle_solid.uasset" 638
"../../../Engine/Plugins/Animation/ControlRig/Content/Controls/ControlRig_RoundedTriangle_solid.uexp" 639
"../../../Engine/Plugins/Animation/ControlRig/Content/Controls/ControlRig_Sphere_1mm.ubulk" 640
"../../../Engine/Plugins/Animation/ControlRig/Content/Controls/ControlRig_Sphere_1mm.uasset" 641
"../../../Engine/Plugins/Animation/ControlRig/Content/Controls/ControlRig_Sphere_1mm.uexp" 642
"../../../Engine/Plugins/Animation/ControlRig/Content/Controls/ControlRig_Sphere_3mm.ubulk" 643
"../../../Engine/Plugins/Animation/ControlRig/Content/Controls/ControlRig_Sphere_3mm.uasset" 644
"../../../Engine/Plugins/Animation/ControlRig/Content/Controls/ControlRig_Sphere_3mm.uexp" 645
"../../../Engine/Plugins/Animation/ControlRig/Content/Controls/ControlRig_Sphere_solid.ubulk" 646
"../../../Engine/Plugins/Animation/ControlRig/Content/Controls/ControlRig_Sphere_solid.uasset" 647
"../../../Engine/Plugins/Animation/ControlRig/Content/Controls/ControlRig_Sphere_solid.uexp" 648
"../../../Engine/Plugins/Animation/ControlRig/Content/Controls/ControlRig_Square_1mm.ubulk" 649
"../../../Engine/Plugins/Animation/ControlRig/Content/Controls/ControlRig_Square_1mm.uasset" 650
"../../../Engine/Plugins/Animation/ControlRig/Content/Controls/ControlRig_Square_1mm.uexp" 651
"../../../Engine/Plugins/Animation/ControlRig/Content/Controls/ControlRig_Square_3mm.ubulk" 652
"../../../Engine/Plugins/Animation/ControlRig/Content/Controls/ControlRig_Square_3mm.uasset" 653
"../../../Engine/Plugins/Animation/ControlRig/Content/Controls/ControlRig_Square_3mm.uexp" 654
"../../../Engine/Plugins/Animation/ControlRig/Content/Controls/ControlRig_Square_solid.ubulk" 655
"../../../Engine/Plugins/Animation/ControlRig/Content/Controls/ControlRig_Square_solid.uasset" 656
"../../../Engine/Plugins/Animation/ControlRig/Content/Controls/ControlRig_Square_solid.uexp" 657
"../../../Engine/Plugins/Animation/ControlRig/Content/Controls/ControlRig_Star4_1mm.ubulk" 658
"../../../Engine/Plugins/Animation/ControlRig/Content/Controls/ControlRig_Star4_1mm.uasset" 659
"../../../Engine/Plugins/Animation/ControlRig/Content/Controls/ControlRig_Star4_1mm.uexp" 660
"../../../Engine/Plugins/Animation/ControlRig/Content/Controls/ControlRig_Star4_3mm.ubulk" 661
"../../../Engine/Plugins/Animation/ControlRig/Content/Controls/ControlRig_Star4_3mm.uasset" 662
"../../../Engine/Plugins/Animation/ControlRig/Content/Controls/ControlRig_Star4_3mm.uexp" 663
"../../../Engine/Plugins/Animation/ControlRig/Content/Controls/ControlRig_Star4_solid.ubulk" 664
"../../../Engine/Plugins/Animation/ControlRig/Content/Controls/ControlRig_Star4_solid.uasset" 665
"../../../Engine/Plugins/Animation/ControlRig/Content/Controls/ControlRig_Star4_solid.uexp" 666
"../../../Engine/Plugins/Animation/ControlRig/Content/Controls/ControlRig_Triangle_1mm.ubulk" 667
"../../../Engine/Plugins/Animation/ControlRig/Content/Controls/ControlRig_Triangle_1mm.uasset" 668
"../../../Engine/Plugins/Animation/ControlRig/Content/Controls/ControlRig_Triangle_1mm.uexp" 669
"../../../Engine/Plugins/Animation/ControlRig/Content/Controls/ControlRig_Triangle_3mm.ubulk" 670
"../../../Engine/Plugins/Animation/ControlRig/Content/Controls/ControlRig_Triangle_3mm.uasset" 671
"../../../Engine/Plugins/Animation/ControlRig/Content/Controls/ControlRig_Triangle_3mm.uexp" 672
"../../../Engine/Plugins/Animation/ControlRig/Content/Controls/ControlRig_Triangle_solid.ubulk" 673
"../../../Engine/Plugins/Animation/ControlRig/Content/Controls/ControlRig_Triangle_solid.uasset" 674
"../../../Engine/Plugins/Animation/ControlRig/Content/Controls/ControlRig_Triangle_solid.uexp" 675
"../../../Engine/Plugins/Animation/ControlRig/Content/Controls/ControlRig_Wedge_1mm.ubulk" 676
"../../../Engine/Plugins/Animation/ControlRig/Content/Controls/ControlRig_Wedge_1mm.uasset" 677
"../../../Engine/Plugins/Animation/ControlRig/Content/Controls/ControlRig_Wedge_1mm.uexp" 678
"../../../Engine/Plugins/Animation/ControlRig/Content/Controls/ControlRig_Wedge_3mm.ubulk" 679
"../../../Engine/Plugins/Animation/ControlRig/Content/Controls/ControlRig_Wedge_3mm.uasset" 680
"../../../Engine/Plugins/Animation/ControlRig/Content/Controls/ControlRig_Wedge_3mm.uexp" 681
"../../../Engine/Plugins/Animation/ControlRig/Content/Controls/ControlRig_Wedge_solid.ubulk" 682
"../../../Engine/Plugins/Animation/ControlRig/Content/Controls/ControlRig_Wedge_solid.uasset" 683
"../../../Engine/Plugins/Animation/ControlRig/Content/Controls/ControlRig_Wedge_solid.uexp" 684
"../../../Engine/Content/EngineMaterials/WeightMapPlaceholderTexture.uasset" 685
"../../../Engine/Content/EngineMaterials/WeightMapPlaceholderTexture.uexp" 686
"../../../Engine/Content/EngineMaterials/WeightMapArrayPlaceholderTexture.uasset" 687
"../../../Engine/Content/EngineMaterials/WeightMapArrayPlaceholderTexture.uexp" 688
"../../../Engine/Content/EditorLandscapeResources/SplineEditorMeshMat.uasset" 689
"../../../Engine/Content/EditorLandscapeResources/SplineEditorMeshMat.uexp" 690
"../../../Engine/Content/EditorLandscapeResources/SplineEditorMesh.ubulk" 691
"../../../Engine/Content/EditorLandscapeResources/SplineEditorMesh.uasset" 692
"../../../Engine/Content/EditorLandscapeResources/SplineEditorMesh.uexp" 693
"../../../Engine/Content/EngineMaterials/DefaultMaterial.uasset" 694
"../../../Engine/Content/EngineMaterials/DefaultMaterial.uexp" 695
"../../../Engine/Content/BasicShapes/Cone.ubulk" 696
"../../../Engine/Content/BasicShapes/Cone.uasset" 697
"../../../Engine/Content/BasicShapes/Cone.uexp" 698
"../../../Engine/Content/BasicShapes/Cylinder.ubulk" 699
"../../../Engine/Content/BasicShapes/Cylinder.uasset" 700
"../../../Engine/Content/BasicShapes/Cylinder.uexp" 701
"../../../Engine/Plugins/Media/MediaPlate/Content/SM_MediaPlateScreen.ubulk" 702
"../../../Engine/Plugins/Media/MediaPlate/Content/SM_MediaPlateScreen.uasset" 703
"../../../Engine/Plugins/Media/MediaPlate/Content/SM_MediaPlateScreen.uexp" 704
"../../../Engine/Content/EngineResources/DefaultVolumeTexture2D.uasset" 705
"../../../Engine/Content/EngineResources/DefaultVolumeTexture2D.uexp" 706
"../../../Engine/Content/EngineResources/DefaultVolumeTexture.uasset" 707
"../../../Engine/Content/EngineResources/DefaultVolumeTexture.uexp" 708
"../../../Engine/Content/EngineMaterials/Substrate/Volume/SubstrateSimpleVolumeEnvLUT3D.uasset" 709
"../../../Engine/Content/EngineMaterials/Substrate/Volume/SubstrateSimpleVolumeEnvLUT3D.uexp" 710
"../../../Engine/Content/EngineMaterials/Substrate/Volume/SubstrateSimpleVolumeLUT3D.uasset" 711
"../../../Engine/Content/EngineMaterials/Substrate/Volume/SubstrateSimpleVolumeLUT3D.uexp" 712
"../../../Engine/Content/Functions/Engine_MaterialFunctions02/Math/Transform3x3Matrix.uasset" 713
"../../../Engine/Content/Functions/Engine_MaterialFunctions02/Math/Transform3x3Matrix.uexp" 714
"../../../Engine/Content/Functions/Engine_MaterialFunctions01/Texturing/FlattenNormal.uasset" 715
"../../../Engine/Content/Functions/Engine_MaterialFunctions01/Texturing/FlattenNormal.uexp" 716
"../../../Engine/Plugins/Interchange/Assets/Content/Utilities/New_LUT.uasset" 717
"../../../Engine/Plugins/Interchange/Assets/Content/Utilities/New_LUT.uexp" 718
"../../../Engine/Content/Functions/Engine_MaterialFunctions03/Math/RemapValueRange.uasset" 719
"../../../Engine/Content/Functions/Engine_MaterialFunctions03/Math/RemapValueRange.uexp" 720
"../../../Engine/Plugins/Interchange/Assets/Content/Functions/MF_Iridescence.uasset" 721
"../../../Engine/Plugins/Interchange/Assets/Content/Functions/MF_Iridescence.uexp" 722
"../../../Engine/Plugins/Interchange/Assets/Content/gltf/Textures/T_White_srgb.uasset" 723
"../../../Engine/Plugins/Interchange/Assets/Content/gltf/Textures/T_White_srgb.uexp" 724
"../../../Engine/Plugins/Interchange/Assets/Content/gltf/MaterialFunctions/MF_BaseColor.uasset" 725
"../../../Engine/Plugins/Interchange/Assets/Content/gltf/MaterialFunctions/MF_BaseColor.uexp" 726
"../../../Engine/Plugins/Interchange/Assets/Content/gltf/MaterialFunctions/MF_RotateV2.uasset" 727
"../../../Engine/Plugins/Interchange/Assets/Content/gltf/MaterialFunctions/MF_RotateV2.uexp" 728
"../../../Engine/Plugins/Interchange/Assets/Content/gltf/MaterialFunctions/MF_TransformUVs.uasset" 729
"../../../Engine/Plugins/Interchange/Assets/Content/gltf/MaterialFunctions/MF_TransformUVs.uexp" 730
"../../../Engine/Plugins/Interchange/Assets/Content/gltf/MaterialFunctions/MF_IOR.uasset" 731
"../../../Engine/Plugins/Interchange/Assets/Content/gltf/MaterialFunctions/MF_IOR.uexp" 732
"../../../Engine/Plugins/Interchange/Assets/Content/gltf/MaterialFunctions/MF_Iridescence.uasset" 733
"../../../Engine/Plugins/Interchange/Assets/Content/gltf/MaterialFunctions/MF_Iridescence.uexp" 734
"../../../Engine/Plugins/Interchange/Assets/Content/gltf/Textures/T_White_Linear.uasset" 735
"../../../Engine/Plugins/Interchange/Assets/Content/gltf/Textures/T_White_Linear.uexp" 736
"../../../Engine/Plugins/Interchange/Assets/Content/gltf/MaterialFunctions/MF_MetallicRoughness.uasset" 737
"../../../Engine/Plugins/Interchange/Assets/Content/gltf/MaterialFunctions/MF_MetallicRoughness.uexp" 738
"../../../Engine/Plugins/Interchange/Assets/Content/gltf/MaterialFunctions/MF_RotateNormals_TS.uasset" 739
"../../../Engine/Plugins/Interchange/Assets/Content/gltf/MaterialFunctions/MF_RotateNormals_TS.uexp" 740
"../../../Engine/Plugins/Interchange/Assets/Content/gltf/MaterialFunctions/MF_ScaleNormal.uasset" 741
"../../../Engine/Plugins/Interchange/Assets/Content/gltf/MaterialFunctions/MF_ScaleNormal.uexp" 742
"../../../Engine/Plugins/Interchange/Assets/Content/gltf/Textures/T_Generic_N.uasset" 743
"../../../Engine/Plugins/Interchange/Assets/Content/gltf/Textures/T_Generic_N.uexp" 744
"../../../Engine/Plugins/Interchange/Assets/Content/gltf/MaterialFunctions/MF_Normals.uasset" 745
"../../../Engine/Plugins/Interchange/Assets/Content/gltf/MaterialFunctions/MF_Normals.uexp" 746
"../../../Engine/Plugins/Interchange/Assets/Content/gltf/MaterialFunctions/MF_Occlusion.uasset" 747
"../../../Engine/Plugins/Interchange/Assets/Content/gltf/MaterialFunctions/MF_Occlusion.uexp" 748
"../../../Engine/Plugins/Interchange/Assets/Content/gltf/MaterialFunctions/MF_Specular.uasset" 749
"../../../Engine/Plugins/Interchange/Assets/Content/gltf/MaterialFunctions/MF_Specular.uexp" 750
"../../../Engine/Plugins/Interchange/Assets/Content/gltf/Textures/T_Anisotropy_Direction_Linear.uasset" 751
"../../../Engine/Plugins/Interchange/Assets/Content/gltf/Textures/T_Anisotropy_Direction_Linear.uexp" 752
"../../../Engine/Plugins/Interchange/Assets/Content/gltf/MaterialFunctions/MF_SpecularAnisotropy.uasset" 753
"../../../Engine/Plugins/Interchange/Assets/Content/gltf/MaterialFunctions/MF_SpecularAnisotropy.uexp" 754
"../../../Engine/Plugins/Interchange/Assets/Content/gltf/MaterialFunctions/MF_Emissive.uasset" 755
"../../../Engine/Plugins/Interchange/Assets/Content/gltf/MaterialFunctions/MF_Emissive.uexp" 756
"../../../Engine/Plugins/Interchange/Assets/Content/gltf/MaterialFunctions/MF_Clearcoat.uasset" 757
"../../../Engine/Plugins/Interchange/Assets/Content/gltf/MaterialFunctions/MF_Clearcoat.uexp" 758
"../../../Engine/Plugins/Interchange/Assets/Content/gltf/MaterialBodies/MF_ClearCoat_Body.uasset" 759
"../../../Engine/Plugins/Interchange/Assets/Content/gltf/MaterialBodies/MF_ClearCoat_Body.uexp" 760
"../../../Engine/Plugins/Interchange/Assets/Content/gltf/M_ClearCoat.uasset" 761
"../../../Engine/Plugins/Interchange/Assets/Content/gltf/M_ClearCoat.uexp" 762
"../../../Engine/Plugins/Interchange/Assets/Content/gltf/MaterialInstances/MI_ClearCoat_Blend.uasset" 763
"../../../Engine/Plugins/Interchange/Assets/Content/gltf/MaterialInstances/MI_ClearCoat_Blend.uexp" 764
"../../../Engine/Plugins/Interchange/Assets/Content/gltf/MaterialInstances/MI_ClearCoat_Blend_DS.uasset" 765
"../../../Engine/Plugins/Interchange/Assets/Content/gltf/MaterialInstances/MI_ClearCoat_Blend_DS.uexp" 766
"../../../Engine/Plugins/Interchange/Assets/Content/gltf/MaterialInstances/MI_ClearCoat_Mask.uasset" 767
"../../../Engine/Plugins/Interchange/Assets/Content/gltf/MaterialInstances/MI_ClearCoat_Mask.uexp" 768
"../../../Engine/Plugins/Interchange/Assets/Content/gltf/MaterialInstances/MI_ClearCoat_Mask_DS.uasset" 769
"../../../Engine/Plugins/Interchange/Assets/Content/gltf/MaterialInstances/MI_ClearCoat_Mask_DS.uexp" 770
"../../../Engine/Plugins/Interchange/Assets/Content/gltf/MaterialInstances/MI_ClearCoat_Opaque.uasset" 771
"../../../Engine/Plugins/Interchange/Assets/Content/gltf/MaterialInstances/MI_ClearCoat_Opaque.uexp" 772
"../../../Engine/Plugins/Interchange/Assets/Content/gltf/MaterialInstances/MI_ClearCoat_Opaque_DS.uasset" 773
"../../../Engine/Plugins/Interchange/Assets/Content/gltf/MaterialInstances/MI_ClearCoat_Opaque_DS.uexp" 774
"../../../Engine/Plugins/Interchange/Assets/Content/gltf/MaterialBodies/MF_Default_Body.uasset" 775
"../../../Engine/Plugins/Interchange/Assets/Content/gltf/MaterialBodies/MF_Default_Body.uexp" 776
"../../../Engine/Plugins/Interchange/Assets/Content/gltf/M_Default.uasset" 777
"../../../Engine/Plugins/Interchange/Assets/Content/gltf/M_Default.uexp" 778
"../../../Engine/Plugins/Interchange/Assets/Content/gltf/MaterialInstances/MI_Default_Blend.uasset" 779
"../../../Engine/Plugins/Interchange/Assets/Content/gltf/MaterialInstances/MI_Default_Blend.uexp" 780
"../../../Engine/Plugins/Interchange/Assets/Content/gltf/MaterialInstances/MI_Default_Blend_DS.uasset" 781
"../../../Engine/Plugins/Interchange/Assets/Content/gltf/MaterialInstances/MI_Default_Blend_DS.uexp" 782
"../../../Engine/Plugins/Interchange/Assets/Content/gltf/MaterialInstances/MI_Default_Mask.uasset" 783
"../../../Engine/Plugins/Interchange/Assets/Content/gltf/MaterialInstances/MI_Default_Mask.uexp" 784
"../../../Engine/Plugins/Interchange/Assets/Content/gltf/MaterialInstances/MI_Default_Mask_DS.uasset" 785
"../../../Engine/Plugins/Interchange/Assets/Content/gltf/MaterialInstances/MI_Default_Mask_DS.uexp" 786
"../../../Engine/Plugins/Interchange/Assets/Content/gltf/MaterialInstances/MI_Default_Opaque.uasset" 787
"../../../Engine/Plugins/Interchange/Assets/Content/gltf/MaterialInstances/MI_Default_Opaque.uexp" 788
"../../../Engine/Plugins/Interchange/Assets/Content/gltf/MaterialInstances/MI_Default_Opaque_DS.uasset" 789
"../../../Engine/Plugins/Interchange/Assets/Content/gltf/MaterialInstances/MI_Default_Opaque_DS.uexp" 790
"../../../Engine/Plugins/Interchange/Assets/Content/gltf/MaterialFunctions/MF_Sheen.uasset" 791
"../../../Engine/Plugins/Interchange/Assets/Content/gltf/MaterialFunctions/MF_Sheen.uexp" 792
"../../../Engine/Plugins/Interchange/Assets/Content/gltf/MaterialBodies/MF_Sheen_Body.uasset" 793
"../../../Engine/Plugins/Interchange/Assets/Content/gltf/MaterialBodies/MF_Sheen_Body.uexp" 794
"../../../Engine/Plugins/Interchange/Assets/Content/gltf/M_Sheen.uasset" 795
"../../../Engine/Plugins/Interchange/Assets/Content/gltf/M_Sheen.uexp" 796
"../../../Engine/Plugins/Interchange/Assets/Content/gltf/MaterialInstances/MI_Sheen_Blend.uasset" 797
"../../../Engine/Plugins/Interchange/Assets/Content/gltf/MaterialInstances/MI_Sheen_Blend.uexp" 798
"../../../Engine/Plugins/Interchange/Assets/Content/gltf/MaterialInstances/MI_Sheen_Blend_DS.uasset" 799
"../../../Engine/Plugins/Interchange/Assets/Content/gltf/MaterialInstances/MI_Sheen_Blend_DS.uexp" 800
"../../../Engine/Plugins/Interchange/Assets/Content/gltf/MaterialInstances/MI_Sheen_Mask.uasset" 801
"../../../Engine/Plugins/Interchange/Assets/Content/gltf/MaterialInstances/MI_Sheen_Mask.uexp" 802
"../../../Engine/Plugins/Interchange/Assets/Content/gltf/MaterialInstances/MI_Sheen_Mask_DS.uasset" 803
"../../../Engine/Plugins/Interchange/Assets/Content/gltf/MaterialInstances/MI_Sheen_Mask_DS.uexp" 804
"../../../Engine/Plugins/Interchange/Assets/Content/gltf/MaterialInstances/MI_Sheen_Opaque.uasset" 805
"../../../Engine/Plugins/Interchange/Assets/Content/gltf/MaterialInstances/MI_Sheen_Opaque.uexp" 806
"../../../Engine/Plugins/Interchange/Assets/Content/gltf/MaterialInstances/MI_Sheen_Opaque_DS.uasset" 807
"../../../Engine/Plugins/Interchange/Assets/Content/gltf/MaterialInstances/MI_Sheen_Opaque_DS.uexp" 808
"../../../Engine/Content/Functions/Engine_MaterialFunctions02/Math/AddComponents.uasset" 809
"../../../Engine/Content/Functions/Engine_MaterialFunctions02/Math/AddComponents.uexp" 810
"../../../Engine/Plugins/Interchange/Assets/Content/gltf/MaterialFunctions/MF_DiffuseSpecGloss.uasset" 811
"../../../Engine/Plugins/Interchange/Assets/Content/gltf/MaterialFunctions/MF_DiffuseSpecGloss.uexp" 812
"../../../Engine/Plugins/Interchange/Assets/Content/gltf/MaterialFunctions/MF_MaxComponentValue.uasset" 813
"../../../Engine/Plugins/Interchange/Assets/Content/gltf/MaterialFunctions/MF_MaxComponentValue.uexp" 814
"../../../Engine/Plugins/Interchange/Assets/Content/gltf/MaterialFunctions/MF_PerceivedBrightness.uasset" 815
"../../../Engine/Plugins/Interchange/Assets/Content/gltf/MaterialFunctions/MF_PerceivedBrightness.uexp" 816
"../../../Engine/Plugins/Interchange/Assets/Content/gltf/MaterialFunctions/MF_SpecGlossToMetalRoughness.uasset" 817
"../../../Engine/Plugins/Interchange/Assets/Content/gltf/MaterialFunctions/MF_SpecGlossToMetalRoughness.uexp" 818
"../../../Engine/Plugins/Interchange/Assets/Content/gltf/MaterialBodies/MF_SpecularGlossiness_Body.uasset" 819
"../../../Engine/Plugins/Interchange/Assets/Content/gltf/MaterialBodies/MF_SpecularGlossiness_Body.uexp" 820
"../../../Engine/Plugins/Interchange/Assets/Content/gltf/M_SpecularGlossiness.uasset" 821
"../../../Engine/Plugins/Interchange/Assets/Content/gltf/M_SpecularGlossiness.uexp" 822
"../../../Engine/Plugins/Interchange/Assets/Content/gltf/MaterialInstances/MI_SpecularGlossiness_Blend.uasset" 823
"../../../Engine/Plugins/Interchange/Assets/Content/gltf/MaterialInstances/MI_SpecularGlossiness_Blend.uexp" 824
"../../../Engine/Plugins/Interchange/Assets/Content/gltf/MaterialInstances/MI_SpecularGlossiness_Blend_DS.uasset" 825
"../../../Engine/Plugins/Interchange/Assets/Content/gltf/MaterialInstances/MI_SpecularGlossiness_Blend_DS.uexp" 826
"../../../Engine/Plugins/Interchange/Assets/Content/gltf/MaterialInstances/MI_SpecularGlossiness_Mask.uasset" 827
"../../../Engine/Plugins/Interchange/Assets/Content/gltf/MaterialInstances/MI_SpecularGlossiness_Mask.uexp" 828
"../../../Engine/Plugins/Interchange/Assets/Content/gltf/MaterialInstances/MI_SpecularGlossiness_Mask_DS.uasset" 829
"../../../Engine/Plugins/Interchange/Assets/Content/gltf/MaterialInstances/MI_SpecularGlossiness_Mask_DS.uexp" 830
"../../../Engine/Plugins/Interchange/Assets/Content/gltf/MaterialInstances/MI_SpecularGlossiness_Opaque.uasset" 831
"../../../Engine/Plugins/Interchange/Assets/Content/gltf/MaterialInstances/MI_SpecularGlossiness_Opaque.uexp" 832
"../../../Engine/Plugins/Interchange/Assets/Content/gltf/MaterialInstances/MI_SpecularGlossiness_Opaque_DS.uasset" 833
"../../../Engine/Plugins/Interchange/Assets/Content/gltf/MaterialInstances/MI_SpecularGlossiness_Opaque_DS.uexp" 834
"../../../Engine/Content/EngineMaterials/Good64x64TilingNoiseHighFreq.uasset" 835
"../../../Engine/Content/EngineMaterials/Good64x64TilingNoiseHighFreq.uexp" 836
"../../../Engine/Content/Functions/Engine_MaterialFunctions02/Texturing/ScreenAlignedPixelToPixelUVs.uasset" 837
"../../../Engine/Content/Functions/Engine_MaterialFunctions02/Texturing/ScreenAlignedPixelToPixelUVs.uexp" 838
"../../../Engine/Plugins/Interchange/Assets/Content/gltf/MaterialFunctions/MF_Fresnel_DS.uasset" 839
"../../../Engine/Plugins/Interchange/Assets/Content/gltf/MaterialFunctions/MF_Fresnel_DS.uexp" 840
"../../../Engine/Plugins/Interchange/Assets/Content/gltf/MaterialFunctions/MF_Temporal_Blur.uasset" 841
"../../../Engine/Plugins/Interchange/Assets/Content/gltf/MaterialFunctions/MF_Temporal_Blur.uexp" 842
"../../../Engine/Plugins/Interchange/Assets/Content/gltf/MaterialFunctions/MF_Transmission.uasset" 843
"../../../Engine/Plugins/Interchange/Assets/Content/gltf/MaterialFunctions/MF_Transmission.uexp" 844
"../../../Engine/Plugins/Interchange/Assets/Content/gltf/MaterialBodies/MF_Transmission_Body.uasset" 845
"../../../Engine/Plugins/Interchange/Assets/Content/gltf/MaterialBodies/MF_Transmission_Body.uexp" 846
"../../../Engine/Plugins/Interchange/Assets/Content/gltf/M_Transmission.uasset" 847
"../../../Engine/Plugins/Interchange/Assets/Content/gltf/M_Transmission.uexp" 848
"../../../Engine/Plugins/Interchange/Assets/Content/gltf/MaterialInstances/MI_Transmission.uasset" 849
"../../../Engine/Plugins/Interchange/Assets/Content/gltf/MaterialInstances/MI_Transmission.uexp" 850
"../../../Engine/Plugins/Interchange/Assets/Content/gltf/MaterialInstances/MI_Transmission_DS.uasset" 851
"../../../Engine/Plugins/Interchange/Assets/Content/gltf/MaterialInstances/MI_Transmission_DS.uexp" 852
"../../../Engine/Plugins/Interchange/Assets/Content/gltf/MaterialBodies/MF_Unlit_Body.uasset" 853
"../../../Engine/Plugins/Interchange/Assets/Content/gltf/MaterialBodies/MF_Unlit_Body.uexp" 854
"../../../Engine/Plugins/Interchange/Assets/Content/gltf/M_Unlit.uasset" 855
"../../../Engine/Plugins/Interchange/Assets/Content/gltf/M_Unlit.uexp" 856
"../../../Engine/Plugins/Interchange/Assets/Content/gltf/MaterialInstances/MI_Unlit_Blend.uasset" 857
"../../../Engine/Plugins/Interchange/Assets/Content/gltf/MaterialInstances/MI_Unlit_Blend.uexp" 858
"../../../Engine/Plugins/Interchange/Assets/Content/gltf/MaterialInstances/MI_Unlit_Blend_DS.uasset" 859
"../../../Engine/Plugins/Interchange/Assets/Content/gltf/MaterialInstances/MI_Unlit_Blend_DS.uexp" 860
"../../../Engine/Plugins/Interchange/Assets/Content/gltf/MaterialInstances/MI_Unlit_Mask.uasset" 861
"../../../Engine/Plugins/Interchange/Assets/Content/gltf/MaterialInstances/MI_Unlit_Mask.uexp" 862
"../../../Engine/Plugins/Interchange/Assets/Content/gltf/MaterialInstances/MI_Unlit_Mask_DS.uasset" 863
"../../../Engine/Plugins/Interchange/Assets/Content/gltf/MaterialInstances/MI_Unlit_Mask_DS.uexp" 864
"../../../Engine/Plugins/Interchange/Assets/Content/gltf/MaterialInstances/MI_Unlit_Opaque.uasset" 865
"../../../Engine/Plugins/Interchange/Assets/Content/gltf/MaterialInstances/MI_Unlit_Opaque.uexp" 866
"../../../Engine/Plugins/Interchange/Assets/Content/gltf/MaterialInstances/MI_Unlit_Opaque_DS.uasset" 867
"../../../Engine/Plugins/Interchange/Assets/Content/gltf/MaterialInstances/MI_Unlit_Opaque_DS.uexp" 868
"../../../Engine/Content/VREditor/TransformGizmo/TranslucentTransformGizmoMaterial_Inst.uasset" 869
"../../../Engine/Content/VREditor/TransformGizmo/TranslucentTransformGizmoMaterial_Inst.uexp" 870
"../../../Engine/Content/VREditor/Sounds/UI/Drop_Item_From_ContentBrowser.ubulk" 871
"../../../Engine/Content/VREditor/Sounds/UI/Drop_Item_From_ContentBrowser.uasset" 872
"../../../Engine/Content/VREditor/Sounds/UI/Drop_Item_From_ContentBrowser.uexp" 873
"../../../Engine/Content/VREditor/TransformGizmo/TransformGizmoMaterial_Inst.uasset" 874
"../../../Engine/Content/VREditor/TransformGizmo/TransformGizmoMaterial_Inst.uexp" 875
"../../../Engine/Content/VREditor/TransformGizmo/UniformScaleHandle.ubulk" 876
"../../../Engine/Content/VREditor/TransformGizmo/UniformScaleHandle.uasset" 877
"../../../Engine/Content/VREditor/TransformGizmo/UniformScaleHandle.uexp" 878
"../../../Engine/Content/Functions/Engine_MaterialFunctions02/SplitComponents.uasset" 879
"../../../Engine/Content/Functions/Engine_MaterialFunctions02/SplitComponents.uexp" 880
"../../../Engine/Content/VREditor/SnapGrid/SnapGridMaterial.uasset" 881
"../../../Engine/Content/VREditor/SnapGrid/SnapGridMaterial.uexp" 882
"../../../Engine/Content/VREditor/SnapGrid/SnapGridPlaneMesh.ubulk" 883
"../../../Engine/Content/VREditor/SnapGrid/SnapGridPlaneMesh.uasset" 884
"../../../Engine/Content/VREditor/SnapGrid/SnapGridPlaneMesh.uexp" 885
"../../../Engine/Content/VREditor/Sounds/UI/Gizmo_Handle_Clicked.ubulk" 886
"../../../Engine/Content/VREditor/Sounds/UI/Gizmo_Handle_Clicked.uasset" 887
"../../../Engine/Content/VREditor/Sounds/UI/Gizmo_Handle_Clicked.uexp" 888
"../../../Engine/Content/VREditor/Sounds/UI/Object_PickUp.ubulk" 889
"../../../Engine/Content/VREditor/Sounds/UI/Object_PickUp.uasset" 890
"../../../Engine/Content/VREditor/Sounds/UI/Object_PickUp.uexp" 891
"../../../Engine/Content/VREditor/Sounds/UI/Object_Snaps_To_Another_Actor.ubulk" 892
"../../../Engine/Content/VREditor/Sounds/UI/Object_Snaps_To_Another_Actor.uasset" 893
"../../../Engine/Content/VREditor/Sounds/UI/Object_Snaps_To_Another_Actor.uexp" 894
"../../../Engine/Content/VREditor/Sounds/UI/Object_Snaps_To_Grid.ubulk" 895
"../../../Engine/Content/VREditor/Sounds/UI/Object_Snaps_To_Grid.uasset" 896
"../../../Engine/Content/VREditor/Sounds/UI/Object_Snaps_To_Grid.uexp" 897
"../../../Engine/Content/VREditor/Sounds/UI/Scaling_Down.ubulk" 898
"../../../Engine/Content/VREditor/Sounds/UI/Scaling_Down.uasset" 899
"../../../Engine/Content/VREditor/Sounds/UI/Scaling_Down.uexp" 900
"../../../Engine/Content/VREditor/Sounds/UI/Scaling_Up.ubulk" 901
"../../../Engine/Content/VREditor/Sounds/UI/Scaling_Up.uasset" 902
"../../../Engine/Content/VREditor/Sounds/UI/Scaling_Up.uexp" 903
"../../../Engine/Content/VREditor/Sounds/UI/Selection_Changes.ubulk" 904
"../../../Engine/Content/VREditor/Sounds/UI/Selection_Changes.uasset" 905
"../../../Engine/Content/VREditor/Sounds/UI/Selection_Changes.uexp" 906
"../../../Engine/Content/VREditor/TransformGizmo/PlaneTranslationHandle.ubulk" 907
"../../../Engine/Content/VREditor/TransformGizmo/PlaneTranslationHandle.uasset" 908
"../../../Engine/Content/VREditor/TransformGizmo/PlaneTranslationHandle.uexp" 909
"../../../Engine/Content/VREditor/TransformGizmo/RotationHandleFull.ubulk" 910
"../../../Engine/Content/VREditor/TransformGizmo/RotationHandleFull.uasset" 911
"../../../Engine/Content/VREditor/TransformGizmo/RotationHandleFull.uexp" 912
"../../../Engine/Content/VREditor/TransformGizmo/RotationHandleIndicator.ubulk" 913
"../../../Engine/Content/VREditor/TransformGizmo/RotationHandleIndicator.uasset" 914
"../../../Engine/Content/VREditor/TransformGizmo/RotationHandleIndicator.uexp" 915
"../../../Engine/Content/VREditor/TransformGizmo/RotationHandleQuarter.ubulk" 916
"../../../Engine/Content/VREditor/TransformGizmo/RotationHandleQuarter.uasset" 917
"../../../Engine/Content/VREditor/TransformGizmo/RotationHandleQuarter.uexp" 918
"../../../Engine/Content/VREditor/TransformGizmo/StartRotationHandleIndicator.ubulk" 919
"../../../Engine/Content/VREditor/TransformGizmo/StartRotationHandleIndicator.uasset" 920
"../../../Engine/Content/VREditor/TransformGizmo/StartRotationHandleIndicator.uexp" 921
"../../../Engine/Content/VREditor/TransformGizmo/TransformGizmoFreeRotation.ubulk" 922
"../../../Engine/Content/VREditor/TransformGizmo/TransformGizmoFreeRotation.uasset" 923
"../../../Engine/Content/VREditor/TransformGizmo/TransformGizmoFreeRotation.uexp" 924
"../../../Engine/Content/VREditor/TransformGizmo/TranslateArrowHandle.ubulk" 925
"../../../Engine/Content/VREditor/TransformGizmo/TranslateArrowHandle.uasset" 926
"../../../Engine/Content/VREditor/TransformGizmo/TranslateArrowHandle.uexp" 927
"../../../Engine/Content/EngineResources/WhiteSquareTexture.uasset" 928
"../../../Engine/Content/EngineResources/WhiteSquareTexture.uexp" 929
"../../../Engine/Content/EngineMaterials/Widget3DPassThrough.uasset" 930
"../../../Engine/Content/EngineMaterials/Widget3DPassThrough.uexp" 931
"../../../Engine/Content/EngineMaterials/Widget3DPassThrough_Masked.uasset" 932
"../../../Engine/Content/EngineMaterials/Widget3DPassThrough_Masked.uexp" 933
"../../../Engine/Content/EngineMaterials/Widget3DPassThrough_Opaque.uasset" 934
"../../../Engine/Content/EngineMaterials/Widget3DPassThrough_Opaque.uexp" 935
"../../../Engine/Content/EngineMaterials/Widget3DPassThrough_Masked_OneSided.uasset" 936
"../../../Engine/Content/EngineMaterials/Widget3DPassThrough_Masked_OneSided.uexp" 937
"../../../Engine/Content/EngineMaterials/Widget3DPassThrough_Opaque_OneSided.uasset" 938
"../../../Engine/Content/EngineMaterials/Widget3DPassThrough_Opaque_OneSided.uexp" 939
"../../../Engine/Content/EngineMaterials/Widget3DPassThrough_Translucent.uasset" 940
"../../../Engine/Content/EngineMaterials/Widget3DPassThrough_Translucent.uexp" 941
"../../../Engine/Content/EngineMaterials/Widget3DPassThrough_Translucent_OneSided.uasset" 942
"../../../Engine/Content/EngineMaterials/Widget3DPassThrough_Translucent_OneSided.uexp" 943
"../../../Engine/Content/EngineResources/LandscapeVisibilityLayerInfo.uasset" 944
"../../../Engine/Content/EngineResources/LandscapeVisibilityLayerInfo.uexp" 945
"../../../Engine/Content/EditorLandscapeResources/ColorMaskBrushMaterial.uasset" 946
"../../../Engine/Content/EditorLandscapeResources/ColorMaskBrushMaterial.uexp" 947
"../../../Engine/Content/EditorLandscapeResources/ColorMaskBrushMaterial_MaskedRegion.uasset" 948
"../../../Engine/Content/EditorLandscapeResources/ColorMaskBrushMaterial_MaskedRegion.uexp" 949
"../../../Engine/Content/Functions/Engine_MaterialFunctions03/Math/WithinRangeFloat2.uasset" 950
"../../../Engine/Content/Functions/Engine_MaterialFunctions03/Math/WithinRangeFloat2.uexp" 951
"../../../Engine/Content/EditorLandscapeResources/MaskBrushMaterial.uasset" 952
"../../../Engine/Content/EditorLandscapeResources/MaskBrushMaterial.uexp" 953
"../../../Engine/Content/EditorLandscapeResources/MaskBrushMaterial_MaskedRegion.uasset" 954
"../../../Engine/Content/EditorLandscapeResources/MaskBrushMaterial_MaskedRegion.uexp" 955
"../../../Engine/Content/EditorLandscapeResources/SelectBrushMaterial.uasset" 956
"../../../Engine/Content/EditorLandscapeResources/SelectBrushMaterial.uexp" 957
"../../../Engine/Content/EditorLandscapeResources/SelectBrushMaterial_Selected.uasset" 958
"../../../Engine/Content/EditorLandscapeResources/SelectBrushMaterial_Selected.uexp" 959
"../../../Engine/Content/EditorLandscapeResources/SelectBrushMaterial_SelectedRegion.uasset" 960
"../../../Engine/Content/EditorLandscapeResources/SelectBrushMaterial_SelectedRegion.uexp" 961
"../../../Engine/Plugins/NNE/NNEDenoiser/Content/NNE_oidn2-3-0_rt_hdr_alb_nrm_small__dyn__fp16_opset11_DenoiseAlpha.uasset" 962
"../../../Engine/Plugins/NNE/NNEDenoiser/Content/NNE_oidn2-3-0_rt_hdr_alb_nrm_small__dyn__fp16_opset11_DenoiseAlpha.uexp" 963
"../../../Engine/Plugins/NNE/NNEDenoiser/Content/NNE_oidn2-3-0_rt_hdr_alb_nrm_small__dyn__fp16_opset11_ForwardAlpha.uasset" 964
"../../../Engine/Plugins/NNE/NNEDenoiser/Content/NNE_oidn2-3-0_rt_hdr_alb_nrm_small__dyn__fp16_opset11_ForwardAlpha.uexp" 965
"../../../Engine/Plugins/NNE/NNEDenoiser/Content/NNE_oidn2-3-0_rt_hdr_alb_nrm__dyn__fp16_opset11_DenoiseAlpha.uasset" 966
"../../../Engine/Plugins/NNE/NNEDenoiser/Content/NNE_oidn2-3-0_rt_hdr_alb_nrm__dyn__fp16_opset11_DenoiseAlpha.uexp" 967
"../../../Engine/Plugins/NNE/NNEDenoiser/Content/NNE_oidn2-3-0_rt_hdr_alb_nrm__dyn__fp16_opset11_ForwardAlpha.uasset" 968
"../../../Engine/Plugins/NNE/NNEDenoiser/Content/NNE_oidn2-3-0_rt_hdr_alb_nrm__dyn__fp16_opset11_ForwardAlpha.uexp" 969
"../../../Engine/Plugins/NNE/NNEDenoiser/Content/NNE_oidn2-3-0_rt_hdr_calb_cnrm_large__dyn__fp16_opset11_DenoiseAlpha.uasset" 970
"../../../Engine/Plugins/NNE/NNEDenoiser/Content/NNE_oidn2-3-0_rt_hdr_calb_cnrm_large__dyn__fp16_opset11_DenoiseAlpha.uexp" 971
"../../../Engine/Plugins/NNE/NNEDenoiser/Content/NNE_oidn2-3-0_rt_hdr_calb_cnrm_large__dyn__fp16_opset11_ForwardAlpha.uasset" 972
"../../../Engine/Plugins/NNE/NNEDenoiser/Content/NNE_oidn2-3-0_rt_hdr_calb_cnrm_large__dyn__fp16_opset11_ForwardAlpha.uexp" 973
"../../../Engine/Plugins/2D/Paper2D/Content/DefaultSpriteMaterial.uasset" 974
"../../../Engine/Plugins/2D/Paper2D/Content/DefaultSpriteMaterial.uexp" 975
"../../../Engine/Plugins/2D/Paper2D/Content/MaskedUnlitSpriteMaterial.uasset" 976
"../../../Engine/Plugins/2D/Paper2D/Content/MaskedUnlitSpriteMaterial.uexp" 977
"../../../Engine/Plugins/2D/Paper2D/Content/OpaqueUnlitSpriteMaterial.uasset" 978
"../../../Engine/Plugins/2D/Paper2D/Content/OpaqueUnlitSpriteMaterial.uexp" 979
"../../../Engine/Plugins/Animation/DeformerGraph/Content/DeformerFunctions/DG_Function_LinearBlendSkin_Morph_Cloth.uasset" 980
"../../../Engine/Plugins/Animation/DeformerGraph/Content/DeformerFunctions/DG_Function_LinearBlendSkin_Morph_Cloth.uexp" 981
"../../../Engine/Plugins/Animation/DeformerGraph/Content/Deformers/DG_LinearBlendSkin_Morph_Cloth.uasset" 982
"../../../Engine/Plugins/Animation/DeformerGraph/Content/Deformers/DG_LinearBlendSkin_Morph_Cloth.uexp" 983
"../../../Engine/Plugins/Animation/DeformerGraph/Content/DeformerFunctions/DG_Function_LinearBlendSkin_Morph_Cloth_PositionOnly.uasset" 984
"../../../Engine/Plugins/Animation/DeformerGraph/Content/DeformerFunctions/DG_Function_LinearBlendSkin_Morph_Cloth_PositionOnly.uexp" 985
"../../../Engine/Plugins/Animation/DeformerGraph/Content/DeformerFunctions/DG_Function_ComputeNormalsTangents.uasset" 986
"../../../Engine/Plugins/Animation/DeformerGraph/Content/DeformerFunctions/DG_Function_ComputeNormalsTangents.uexp" 987
"../../../Engine/Plugins/Animation/DeformerGraph/Content/Deformers/DG_LinearBlendSkin_Morph_Cloth_RecomputeNormals.uasset" 988
"../../../Engine/Plugins/Animation/DeformerGraph/Content/Deformers/DG_LinearBlendSkin_Morph_Cloth_RecomputeNormals.uexp" 989
"../../../Engine/Plugins/NNE/NNEDenoiser/Content/NNEDT_Oidn2-3_Balanced.uasset" 990
"../../../Engine/Plugins/NNE/NNEDenoiser/Content/NNEDT_Oidn2-3_Balanced.uexp" 991
"../../../Engine/Plugins/NNE/NNEDenoiser/Content/NNEDT_Oidn2-3_Balanced_Alpha.uasset" 992
"../../../Engine/Plugins/NNE/NNEDenoiser/Content/NNEDT_Oidn2-3_Balanced_Alpha.uexp" 993
"../../../Engine/Plugins/NNE/NNEDenoiser/Content/NNED_Oidn2-3_Balanced.uasset" 994
"../../../Engine/Plugins/NNE/NNEDenoiser/Content/NNED_Oidn2-3_Balanced.uexp" 995
"../../../Engine/Plugins/NNE/NNEDenoiser/Content/NNED_Oidn2-3_Balanced_Alpha.uasset" 996
"../../../Engine/Plugins/NNE/NNEDenoiser/Content/NNED_Oidn2-3_Balanced_Alpha.uexp" 997
"../../../Engine/Plugins/NNE/NNEDenoiser/Content/NNED_Oidn2-3_Fast.uasset" 998
"../../../Engine/Plugins/NNE/NNEDenoiser/Content/NNED_Oidn2-3_Fast.uexp" 999
"../../../Engine/Plugins/NNE/NNEDenoiser/Content/NNED_Oidn2-3_Fast_Alpha.uasset" 1000
"../../../Engine/Plugins/NNE/NNEDenoiser/Content/NNED_Oidn2-3_Fast_Alpha.uexp" 1001
"../../../Engine/Plugins/NNE/NNEDenoiser/Content/NNED_Oidn2-3_HighQuality.uasset" 1002
"../../../Engine/Plugins/NNE/NNEDenoiser/Content/NNED_Oidn2-3_HighQuality.uexp" 1003
"../../../Engine/Plugins/NNE/NNEDenoiser/Content/NNED_Oidn2-3_HighQuality_Alpha.uasset" 1004
"../../../Engine/Plugins/NNE/NNEDenoiser/Content/NNED_Oidn2-3_HighQuality_Alpha.uexp" 1005
"../../../Engine/Content/Maps/Entry_BuiltData.uasset" 1006
"../../../Engine/Content/Maps/Entry_BuiltData.uexp" 1007
"../../../Engine/Content/Maps/Entry.uexp" 1008
"../../../Engine/Content/Maps/Entry.umap" 1009
"../../../Engine/Content/BasicShapes/Plane.ubulk" 1010
"../../../Engine/Content/BasicShapes/Plane.uasset" 1011
"../../../Engine/Content/BasicShapes/Plane.uexp" 1012
"../../../Engine/Content/BasicShapes/BasicShapeMaterial.uasset" 1013
"../../../Engine/Content/BasicShapes/BasicShapeMaterial.uexp" 1014
"../../../Engine/Content/Functions/Engine_MaterialFunctions02/WorldPositionOffset/ObjectPivotPoint.uasset" 1015
"../../../Engine/Content/Functions/Engine_MaterialFunctions02/WorldPositionOffset/ObjectPivotPoint.uexp" 1016
"../../../Engine/Content/EngineResources/DefaultTextureCube.uasset" 1017
"../../../Engine/Content/EngineResources/DefaultTextureCube.uexp" 1018
"../../../Engine/Plugins/Runtime/HDRIBackdrop/Content/Materials/HDRI_Attributes.uasset" 1019
"../../../Engine/Plugins/Runtime/HDRIBackdrop/Content/Materials/HDRI_Attributes.uexp" 1020
"../../../Engine/Plugins/Runtime/HDRIBackdrop/Content/Materials/HDRI_Projection_Sky.uasset" 1021
"../../../Engine/Plugins/Runtime/HDRIBackdrop/Content/Materials/HDRI_Projection_Sky.uexp" 1022
"../../../Engine/Plugins/Runtime/HDRIBackdrop/Content/Materials/MI_HDRI_Sky.uasset" 1023
"../../../Engine/Plugins/Runtime/HDRIBackdrop/Content/Materials/MI_HDRI_Sky.uexp" 1024
"../../../Engine/Plugins/Runtime/HDRIBackdrop/Content/Materials/HDRI_Projection_Floor.uasset" 1025
"../../../Engine/Plugins/Runtime/HDRIBackdrop/Content/Materials/HDRI_Projection_Floor.uexp" 1026
"../../../Engine/Plugins/Runtime/HDRIBackdrop/Content/Materials/MI_HDRI_Floor.uasset" 1027
"../../../Engine/Plugins/Runtime/HDRIBackdrop/Content/Materials/MI_HDRI_Floor.uexp" 1028
"../../../Engine/Plugins/Runtime/HDRIBackdrop/Content/Textures/approaching_storm_4k.uasset" 1029
"../../../Engine/Plugins/Runtime/HDRIBackdrop/Content/Textures/approaching_storm_4k.uexp" 1030
"../../../Engine/Plugins/Runtime/HDRIBackdrop/Content/Meshes/EnviroDome.ubulk" 1031
"../../../Engine/Plugins/Runtime/HDRIBackdrop/Content/Meshes/EnviroDome.uasset" 1032
"../../../Engine/Plugins/Runtime/HDRIBackdrop/Content/Meshes/EnviroDome.uexp" 1033
"../../../Engine/Plugins/Runtime/HDRIBackdrop/Content/Blueprints/HDRIBackdrop.uasset" 1034
"../../../Engine/Plugins/Runtime/HDRIBackdrop/Content/Blueprints/HDRIBackdrop.uexp" 1035
"F:/UE5 projects/vampicrabs/Content/VampCrabs/Resources/HDR_rich_blue_nebulae_2.uasset" 1036
"F:/UE5 projects/vampicrabs/Content/VampCrabs/Resources/HDR_rich_blue_nebulae_2.uexp" 1037
"F:/UE5 projects/vampicrabs/Content/VampCrabs/textures/rock2/Material_Base_color.ubulk" 1038
"F:/UE5 projects/vampicrabs/Content/VampCrabs/textures/rock2/Material_Base_color.uasset" 1039
"F:/UE5 projects/vampicrabs/Content/VampCrabs/textures/rock2/Material_Base_color.uexp" 1040
"F:/UE5 projects/vampicrabs/Content/VampCrabs/textures/rock2/Material_Normal.ubulk" 1041
"F:/UE5 projects/vampicrabs/Content/VampCrabs/textures/rock2/Material_Normal.uasset" 1042
"F:/UE5 projects/vampicrabs/Content/VampCrabs/textures/rock2/Material_Normal.uexp" 1043
"F:/UE5 projects/vampicrabs/Content/VampCrabs/textures/rock2/Material_Roughness.ubulk" 1044
"F:/UE5 projects/vampicrabs/Content/VampCrabs/textures/rock2/Material_Roughness.uasset" 1045
"F:/UE5 projects/vampicrabs/Content/VampCrabs/textures/rock2/Material_Roughness.uexp" 1046
"F:/UE5 projects/vampicrabs/Content/VampCrabs/Materials/Material_008.uasset" 1047
"F:/UE5 projects/vampicrabs/Content/VampCrabs/Materials/Material_008.uexp" 1048
"F:/UE5 projects/vampicrabs/Content/VampCrabs/Models/rock3lvl.ubulk" 1049
"F:/UE5 projects/vampicrabs/Content/VampCrabs/Models/rock3lvl.uasset" 1050
"F:/UE5 projects/vampicrabs/Content/VampCrabs/Models/rock3lvl.uexp" 1051
"F:/UE5 projects/vampicrabs/Content/VampCrabs/Materials/Material_013.uasset" 1052
"F:/UE5 projects/vampicrabs/Content/VampCrabs/Materials/Material_013.uexp" 1053
"F:/UE5 projects/vampicrabs/Content/VampCrabs/Models/rock2lvl.ubulk" 1054
"F:/UE5 projects/vampicrabs/Content/VampCrabs/Models/rock2lvl.uasset" 1055
"F:/UE5 projects/vampicrabs/Content/VampCrabs/Models/rock2lvl.uexp" 1056
"F:/UE5 projects/vampicrabs/Content/VampCrabs/textures/rock1/DefaultMaterial_Base_color.ubulk" 1057
"F:/UE5 projects/vampicrabs/Content/VampCrabs/textures/rock1/DefaultMaterial_Base_color.uasset" 1058
"F:/UE5 projects/vampicrabs/Content/VampCrabs/textures/rock1/DefaultMaterial_Base_color.uexp" 1059
"F:/UE5 projects/vampicrabs/Content/VampCrabs/textures/rock1/DefaultMaterial_Normal.ubulk" 1060
"F:/UE5 projects/vampicrabs/Content/VampCrabs/textures/rock1/DefaultMaterial_Normal.uasset" 1061
"F:/UE5 projects/vampicrabs/Content/VampCrabs/textures/rock1/DefaultMaterial_Normal.uexp" 1062
"F:/UE5 projects/vampicrabs/Content/VampCrabs/textures/rock1/DefaultMaterial_Roughness.ubulk" 1063
"F:/UE5 projects/vampicrabs/Content/VampCrabs/textures/rock1/DefaultMaterial_Roughness.uasset" 1064
"F:/UE5 projects/vampicrabs/Content/VampCrabs/textures/rock1/DefaultMaterial_Roughness.uexp" 1065
"F:/UE5 projects/vampicrabs/Content/VampCrabs/Materials/Material_019.uasset" 1066
"F:/UE5 projects/vampicrabs/Content/VampCrabs/Materials/Material_019.uexp" 1067
"F:/UE5 projects/vampicrabs/Content/VampCrabs/Models/rock1lvl.ubulk" 1068
"F:/UE5 projects/vampicrabs/Content/VampCrabs/Models/rock1lvl.uasset" 1069
"F:/UE5 projects/vampicrabs/Content/VampCrabs/Models/rock1lvl.uexp" 1070
"../../../Engine/Content/EngineResources/Black.uasset" 1071
"../../../Engine/Content/EngineResources/Black.uexp" 1072
"F:/UE5 projects/vampicrabs/Content/VampCrabs/textures/spaceShip/FinalTexture_BaseColor.ubulk" 1073
"F:/UE5 projects/vampicrabs/Content/VampCrabs/textures/spaceShip/FinalTexture_BaseColor.uasset" 1074
"F:/UE5 projects/vampicrabs/Content/VampCrabs/textures/spaceShip/FinalTexture_BaseColor.uexp" 1075
"F:/UE5 projects/vampicrabs/Content/VampCrabs/textures/spaceShip/FinalTexture_Normal.ubulk" 1076
"F:/UE5 projects/vampicrabs/Content/VampCrabs/textures/spaceShip/FinalTexture_Normal.uasset" 1077
"F:/UE5 projects/vampicrabs/Content/VampCrabs/textures/spaceShip/FinalTexture_Normal.uexp" 1078
"F:/UE5 projects/vampicrabs/Content/VampCrabs/textures/spaceShip/FinalTexture_Roughness.ubulk" 1079
"F:/UE5 projects/vampicrabs/Content/VampCrabs/textures/spaceShip/FinalTexture_Roughness.uasset" 1080
"F:/UE5 projects/vampicrabs/Content/VampCrabs/textures/spaceShip/FinalTexture_Roughness.uexp" 1081
"F:/UE5 projects/vampicrabs/Content/VampCrabs/Materials/spaceship.uasset" 1082
"F:/UE5 projects/vampicrabs/Content/VampCrabs/Materials/spaceship.uexp" 1083
"F:/UE5 projects/vampicrabs/Content/VampCrabs/Models/polySurface14371_001.ubulk" 1084
"F:/UE5 projects/vampicrabs/Content/VampCrabs/Models/polySurface14371_001.uasset" 1085
"F:/UE5 projects/vampicrabs/Content/VampCrabs/Models/polySurface14371_001.uexp" 1086
"F:/UE5 projects/vampicrabs/Content/VampCrabs/Blueprints/IF_Gravity.uasset" 1087
"F:/UE5 projects/vampicrabs/Content/VampCrabs/Blueprints/IF_Gravity.uexp" 1088
"F:/UE5 projects/vampicrabs/Content/VampCrabs/Blueprints/BP_GravityToggle.uasset" 1089
"F:/UE5 projects/vampicrabs/Content/VampCrabs/Blueprints/BP_GravityToggle.uexp" 1090
"../../../Engine/Content/EditorBlueprintResources/StandardMacros.uasset" 1091
"../../../Engine/Content/EditorBlueprintResources/StandardMacros.uexp" 1092
"F:/UE5 projects/vampicrabs/Content/InfimaGames/FreeFPSTemplate/Data/IA_Test.uasset" 1093
"F:/UE5 projects/vampicrabs/Content/InfimaGames/FreeFPSTemplate/Data/IA_Test.uexp" 1094
"F:/UE5 projects/vampicrabs/Content/InfimaGames/FreeFPSTemplate/Data/IA_Shoot.uasset" 1095
"F:/UE5 projects/vampicrabs/Content/InfimaGames/FreeFPSTemplate/Data/IA_Shoot.uexp" 1096
"F:/UE5 projects/vampicrabs/Content/InfimaGames/FreeFPSTemplate/Data/IA_Run.uasset" 1097
"F:/UE5 projects/vampicrabs/Content/InfimaGames/FreeFPSTemplate/Data/IA_Run.uexp" 1098
"F:/UE5 projects/vampicrabs/Content/InfimaGames/FreeFPSTemplate/Data/IA_Reload.uasset" 1099
"F:/UE5 projects/vampicrabs/Content/InfimaGames/FreeFPSTemplate/Data/IA_Reload.uexp" 1100
"F:/UE5 projects/vampicrabs/Content/InfimaGames/FreeFPSTemplate/Data/IA_Movement.uasset" 1101
"F:/UE5 projects/vampicrabs/Content/InfimaGames/FreeFPSTemplate/Data/IA_Movement.uexp" 1102
"F:/UE5 projects/vampicrabs/Content/InfimaGames/FreeFPSTemplate/Data/IA_Jump.uasset" 1103
"F:/UE5 projects/vampicrabs/Content/InfimaGames/FreeFPSTemplate/Data/IA_Jump.uexp" 1104
"F:/UE5 projects/vampicrabs/Content/InfimaGames/FreeFPSTemplate/Data/IA_Holster.uasset" 1105
"F:/UE5 projects/vampicrabs/Content/InfimaGames/FreeFPSTemplate/Data/IA_Holster.uexp" 1106
"F:/UE5 projects/vampicrabs/Content/InfimaGames/FreeFPSTemplate/Data/IA_Crouch.uasset" 1107
"F:/UE5 projects/vampicrabs/Content/InfimaGames/FreeFPSTemplate/Data/IA_Crouch.uexp" 1108
"F:/UE5 projects/vampicrabs/Content/InfimaGames/FreeFPSTemplate/Data/IA_Camera.uasset" 1109
"F:/UE5 projects/vampicrabs/Content/InfimaGames/FreeFPSTemplate/Data/IA_Camera.uexp" 1110
"F:/UE5 projects/vampicrabs/Content/InfimaGames/FreeFPSTemplate/Data/IA_Aim.uasset" 1111
"F:/UE5 projects/vampicrabs/Content/InfimaGames/FreeFPSTemplate/Data/IA_Aim.uexp" 1112
"F:/UE5 projects/vampicrabs/Content/InfimaGames/FreeFPSTemplate/Data/IMC_FPS.uasset" 1113
"F:/UE5 projects/vampicrabs/Content/InfimaGames/FreeFPSTemplate/Data/IMC_FPS.uexp" 1114
"F:/UE5 projects/vampicrabs/Content/VampCrabs/Interfaces/wave_count.uasset" 1115
"F:/UE5 projects/vampicrabs/Content/VampCrabs/Interfaces/wave_count.uexp" 1116
"F:/UE5 projects/vampicrabs/Content/VampCrabs/Interfaces/healthfull.uasset" 1117
"F:/UE5 projects/vampicrabs/Content/VampCrabs/Interfaces/healthfull.uexp" 1118
"F:/UE5 projects/vampicrabs/Content/VampCrabs/Interfaces/health.uasset" 1119
"F:/UE5 projects/vampicrabs/Content/VampCrabs/Interfaces/health.uexp" 1120
"F:/UE5 projects/vampicrabs/Content/VampCrabs/Interfaces/g2.uasset" 1121
"F:/UE5 projects/vampicrabs/Content/VampCrabs/Interfaces/g2.uexp" 1122
"F:/UE5 projects/vampicrabs/Content/VampCrabs/Interfaces/g1.uasset" 1123
"F:/UE5 projects/vampicrabs/Content/VampCrabs/Interfaces/g1.uexp" 1124
"F:/UE5 projects/vampicrabs/Content/InfimaGames/FreeFPSTemplate/Core/WBP_PlayerUI.uasset" 1125
"F:/UE5 projects/vampicrabs/Content/InfimaGames/FreeFPSTemplate/Core/WBP_PlayerUI.uexp" 1126
"../../../Engine/Content/BasicShapes/Cube.ubulk" 1127
"../../../Engine/Content/BasicShapes/Cube.uasset" 1128
"../../../Engine/Content/BasicShapes/Cube.uexp" 1129
"../../../Engine/Content/BasicShapes/Sphere.ubulk" 1130
"../../../Engine/Content/BasicShapes/Sphere.uasset" 1131
"../../../Engine/Content/BasicShapes/Sphere.uexp" 1132
"../../../Engine/Content/EditorResources/FieldNodes/_Resources/M_FieldRadiusPreview.uasset" 1133
"../../../Engine/Content/EditorResources/FieldNodes/_Resources/M_FieldRadiusPreview.uexp" 1134
"../../../Engine/Content/EditorResources/FieldNodes/_Resources/MI_FieldRadiusPreview.uasset" 1135
"../../../Engine/Content/EditorResources/FieldNodes/_Resources/MI_FieldRadiusPreview.uexp" 1136
"../../../Engine/Content/EditorResources/FieldNodes/_Resources/SM_FieldArrow.ubulk" 1137
"../../../Engine/Content/EditorResources/FieldNodes/_Resources/SM_FieldArrow.uasset" 1138
"../../../Engine/Content/EditorResources/FieldNodes/_Resources/SM_FieldArrow.uexp" 1139
"../../../Engine/Content/EditorResources/FieldNodes/_Resources/M_FieldVolumePreview.uasset" 1140
"../../../Engine/Content/EditorResources/FieldNodes/_Resources/M_FieldVolumePreview.uexp" 1141
"../../../Engine/Content/EditorResources/FieldNodes/_Resources/MI_FieldVolumePreview.uasset" 1142
"../../../Engine/Content/EditorResources/FieldNodes/_Resources/MI_FieldVolumePreview.uexp" 1143
"../../../Engine/Content/EditorResources/FieldNodes/_Resources/EFieldShapeType.uasset" 1144
"../../../Engine/Content/EditorResources/FieldNodes/_Resources/EFieldShapeType.uexp" 1145
"../../../Engine/Content/EditorResources/FieldNodes/_Resources/EFieldForceVel.uasset" 1146
"../../../Engine/Content/EditorResources/FieldNodes/_Resources/EFieldForceVel.uexp" 1147
"../../../Engine/Content/EditorResources/FieldNodes/_Resources/EFieldActivationType.uasset" 1148
"../../../Engine/Content/EditorResources/FieldNodes/_Resources/EFieldActivationType.uexp" 1149
"../../../Engine/Content/EditorResources/FieldNodes/_Resources/DefaultTextMaterialOpaque.uasset" 1150
"../../../Engine/Content/EditorResources/FieldNodes/_Resources/DefaultTextMaterialOpaque.uexp" 1151
"../../../Engine/Content/EditorResources/FieldNodes/FS_MasterField.uasset" 1152
"../../../Engine/Content/EditorResources/FieldNodes/FS_MasterField.uexp" 1153
"F:/UE5 projects/vampicrabs/Content/VampCrabs/Models/ShotgunHarpoon.ubulk" 1154
"F:/UE5 projects/vampicrabs/Content/VampCrabs/Models/ShotgunHarpoon.uasset" 1155
"F:/UE5 projects/vampicrabs/Content/VampCrabs/Models/ShotgunHarpoon.uexp" 1156
"F:/UE5 projects/vampicrabs/Content/InfimaGames/FreeFPSTemplate/Core/BP_Harpoon.uasset" 1157
"F:/UE5 projects/vampicrabs/Content/InfimaGames/FreeFPSTemplate/Core/BP_Harpoon.uexp" 1158
"F:/UE5 projects/vampicrabs/Content/InfimaGames/FreeFPSTemplate/Demo/Mannequins/Meshes/SKEL_UE5_Mannequin.uasset" 1159
"F:/UE5 projects/vampicrabs/Content/InfimaGames/FreeFPSTemplate/Demo/Mannequins/Meshes/SKEL_UE5_Mannequin.uexp" 1160
"F:/UE5 projects/vampicrabs/Content/InfimaGames/FreeFPSTemplate/Demo/Mannequins/Meshes/SK_FP_Manny_Simple_PhysicsAsset.uasset" 1161
"F:/UE5 projects/vampicrabs/Content/InfimaGames/FreeFPSTemplate/Demo/Mannequins/Meshes/SK_FP_Manny_Simple_PhysicsAsset.uexp" 1162
"F:/UE5 projects/vampicrabs/Content/InfimaGames/FreeFPSTemplate/Demo/Mannequins/Textures/Manny/T_Manny_01_ASAOPMASK_MSK.ubulk" 1163
"F:/UE5 projects/vampicrabs/Content/InfimaGames/FreeFPSTemplate/Demo/Mannequins/Textures/Manny/T_Manny_01_ASAOPMASK_MSK.uasset" 1164
"F:/UE5 projects/vampicrabs/Content/InfimaGames/FreeFPSTemplate/Demo/Mannequins/Textures/Manny/T_Manny_01_ASAOPMASK_MSK.uexp" 1165
"F:/UE5 projects/vampicrabs/Content/InfimaGames/FreeFPSTemplate/Demo/Mannequins/Textures/Manny/T_Manny_01_BN.ubulk" 1166
"F:/UE5 projects/vampicrabs/Content/InfimaGames/FreeFPSTemplate/Demo/Mannequins/Textures/Manny/T_Manny_01_BN.uasset" 1167
"F:/UE5 projects/vampicrabs/Content/InfimaGames/FreeFPSTemplate/Demo/Mannequins/Textures/Manny/T_Manny_01_BN.uexp" 1168
"F:/UE5 projects/vampicrabs/Content/InfimaGames/FreeFPSTemplate/Demo/Mannequins/Textures/Manny/T_Manny_01_CCRCCPlastic_MSK.ubulk" 1169
"F:/UE5 projects/vampicrabs/Content/InfimaGames/FreeFPSTemplate/Demo/Mannequins/Textures/Manny/T_Manny_01_CCRCCPlastic_MSK.uasset" 1170
"F:/UE5 projects/vampicrabs/Content/InfimaGames/FreeFPSTemplate/Demo/Mannequins/Textures/Manny/T_Manny_01_CCRCCPlastic_MSK.uexp" 1171
"F:/UE5 projects/vampicrabs/Content/InfimaGames/FreeFPSTemplate/Demo/Mannequins/Textures/Manny/T_Manny_01_D.ubulk" 1172
"F:/UE5 projects/vampicrabs/Content/InfimaGames/FreeFPSTemplate/Demo/Mannequins/Textures/Manny/T_Manny_01_D.uasset" 1173
"F:/UE5 projects/vampicrabs/Content/InfimaGames/FreeFPSTemplate/Demo/Mannequins/Textures/Manny/T_Manny_01_D.uexp" 1174
"F:/UE5 projects/vampicrabs/Content/InfimaGames/FreeFPSTemplate/Demo/Mannequins/Textures/Manny/T_Manny_01_MSR_MSK.ubulk" 1175
"F:/UE5 projects/vampicrabs/Content/InfimaGames/FreeFPSTemplate/Demo/Mannequins/Textures/Manny/T_Manny_01_MSR_MSK.uasset" 1176
"F:/UE5 projects/vampicrabs/Content/InfimaGames/FreeFPSTemplate/Demo/Mannequins/Textures/Manny/T_Manny_01_MSR_MSK.uexp" 1177
"F:/UE5 projects/vampicrabs/Content/InfimaGames/FreeFPSTemplate/Demo/Mannequins/Textures/Manny/T_Manny_01_N.ubulk" 1178
"F:/UE5 projects/vampicrabs/Content/InfimaGames/FreeFPSTemplate/Demo/Mannequins/Textures/Manny/T_Manny_01_N.uasset" 1179
"F:/UE5 projects/vampicrabs/Content/InfimaGames/FreeFPSTemplate/Demo/Mannequins/Textures/Manny/T_Manny_01_N.uexp" 1180
"F:/UE5 projects/vampicrabs/Content/InfimaGames/FreeFPSTemplate/Demo/Mannequins/Textures/Manny/T_Manny_01_Tan.ubulk" 1181
"F:/UE5 projects/vampicrabs/Content/InfimaGames/FreeFPSTemplate/Demo/Mannequins/Textures/Manny/T_Manny_01_Tan.uasset" 1182
"F:/UE5 projects/vampicrabs/Content/InfimaGames/FreeFPSTemplate/Demo/Mannequins/Textures/Manny/T_Manny_01_Tan.uexp" 1183
"F:/UE5 projects/vampicrabs/Content/InfimaGames/FreeFPSTemplate/Demo/Mannequins/Textures/Shared/T_UE_Logo_M.uasset" 1184
"F:/UE5 projects/vampicrabs/Content/InfimaGames/FreeFPSTemplate/Demo/Mannequins/Textures/Shared/T_UE_Logo_M.uexp" 1185
"F:/UE5 projects/vampicrabs/Content/InfimaGames/FreeFPSTemplate/Demo/Mannequins/Materials/Functions/ChromaticCurve.uasset" 1186
"F:/UE5 projects/vampicrabs/Content/InfimaGames/FreeFPSTemplate/Demo/Mannequins/Materials/Functions/ChromaticCurve.uexp" 1187
"F:/UE5 projects/vampicrabs/Content/InfimaGames/FreeFPSTemplate/Demo/Mannequins/Materials/Functions/CA_Mannequin.uasset" 1188
"F:/UE5 projects/vampicrabs/Content/InfimaGames/FreeFPSTemplate/Demo/Mannequins/Materials/Functions/CA_Mannequin.uexp" 1189
"F:/UE5 projects/vampicrabs/Content/InfimaGames/FreeFPSTemplate/Demo/Mannequins/Materials/Functions/MF_Diffraction.uasset" 1190
"F:/UE5 projects/vampicrabs/Content/InfimaGames/FreeFPSTemplate/Demo/Mannequins/Materials/Functions/MF_Diffraction.uexp" 1191
"F:/UE5 projects/vampicrabs/Content/InfimaGames/FreeFPSTemplate/Demo/Mannequins/Materials/Functions/MF_logo3layers.uasset" 1192
"F:/UE5 projects/vampicrabs/Content/InfimaGames/FreeFPSTemplate/Demo/Mannequins/Materials/Functions/MF_logo3layers.uexp" 1193
"F:/UE5 projects/vampicrabs/Content/InfimaGames/FreeFPSTemplate/Demo/Mannequins/Materials/Functions/ML_BaseColorFallOff.uasset" 1194
"F:/UE5 projects/vampicrabs/Content/InfimaGames/FreeFPSTemplate/Demo/Mannequins/Materials/Functions/ML_BaseColorFallOff.uexp" 1195
"F:/UE5 projects/vampicrabs/Content/InfimaGames/FreeFPSTemplate/Demo/Mannequins/Materials/M_Mannequin.uasset" 1196
"F:/UE5 projects/vampicrabs/Content/InfimaGames/FreeFPSTemplate/Demo/Mannequins/Materials/M_Mannequin.uexp" 1197
"F:/UE5 projects/vampicrabs/Content/InfimaGames/FreeFPSTemplate/Demo/Mannequins/Materials/Instances/Manny/MI_Manny_01.uasset" 1198
"F:/UE5 projects/vampicrabs/Content/InfimaGames/FreeFPSTemplate/Demo/Mannequins/Materials/Instances/Manny/MI_Manny_01.uexp" 1199
"F:/UE5 projects/vampicrabs/Content/InfimaGames/FreeFPSTemplate/Demo/Mannequins/Textures/Manny/T_Manny_02_Tan.ubulk" 1200
"F:/UE5 projects/vampicrabs/Content/InfimaGames/FreeFPSTemplate/Demo/Mannequins/Textures/Manny/T_Manny_02_Tan.uasset" 1201
"F:/UE5 projects/vampicrabs/Content/InfimaGames/FreeFPSTemplate/Demo/Mannequins/Textures/Manny/T_Manny_02_Tan.uexp" 1202
"F:/UE5 projects/vampicrabs/Content/InfimaGames/FreeFPSTemplate/Demo/Mannequins/Textures/Manny/T_Manny_02_N.ubulk" 1203
"F:/UE5 projects/vampicrabs/Content/InfimaGames/FreeFPSTemplate/Demo/Mannequins/Textures/Manny/T_Manny_02_N.uasset" 1204
"F:/UE5 projects/vampicrabs/Content/InfimaGames/FreeFPSTemplate/Demo/Mannequins/Textures/Manny/T_Manny_02_N.uexp" 1205
"F:/UE5 projects/vampicrabs/Content/InfimaGames/FreeFPSTemplate/Demo/Mannequins/Textures/Manny/T_Manny_02_MSR_MSK.ubulk" 1206
"F:/UE5 projects/vampicrabs/Content/InfimaGames/FreeFPSTemplate/Demo/Mannequins/Textures/Manny/T_Manny_02_MSR_MSK.uasset" 1207
"F:/UE5 projects/vampicrabs/Content/InfimaGames/FreeFPSTemplate/Demo/Mannequins/Textures/Manny/T_Manny_02_MSR_MSK.uexp" 1208
"F:/UE5 projects/vampicrabs/Content/InfimaGames/FreeFPSTemplate/Demo/Mannequins/Textures/Manny/T_Manny_02_D.ubulk" 1209
"F:/UE5 projects/vampicrabs/Content/InfimaGames/FreeFPSTemplate/Demo/Mannequins/Textures/Manny/T_Manny_02_D.uasset" 1210
"F:/UE5 projects/vampicrabs/Content/InfimaGames/FreeFPSTemplate/Demo/Mannequins/Textures/Manny/T_Manny_02_D.uexp" 1211
"F:/UE5 projects/vampicrabs/Content/InfimaGames/FreeFPSTemplate/Demo/Mannequins/Textures/Manny/T_Manny_02_CCRCCPlastic_MSK.ubulk" 1212
"F:/UE5 projects/vampicrabs/Content/InfimaGames/FreeFPSTemplate/Demo/Mannequins/Textures/Manny/T_Manny_02_CCRCCPlastic_MSK.uasset" 1213
"F:/UE5 projects/vampicrabs/Content/InfimaGames/FreeFPSTemplate/Demo/Mannequins/Textures/Manny/T_Manny_02_CCRCCPlastic_MSK.uexp" 1214
"F:/UE5 projects/vampicrabs/Content/InfimaGames/FreeFPSTemplate/Demo/Mannequins/Textures/Manny/T_Manny_02_BN.ubulk" 1215
"F:/UE5 projects/vampicrabs/Content/InfimaGames/FreeFPSTemplate/Demo/Mannequins/Textures/Manny/T_Manny_02_BN.uasset" 1216
"F:/UE5 projects/vampicrabs/Content/InfimaGames/FreeFPSTemplate/Demo/Mannequins/Textures/Manny/T_Manny_02_BN.uexp" 1217
"F:/UE5 projects/vampicrabs/Content/InfimaGames/FreeFPSTemplate/Demo/Mannequins/Textures/Manny/T_Manny_02_ASAOPMASK_MSK.ubulk" 1218
"F:/UE5 projects/vampicrabs/Content/InfimaGames/FreeFPSTemplate/Demo/Mannequins/Textures/Manny/T_Manny_02_ASAOPMASK_MSK.uasset" 1219
"F:/UE5 projects/vampicrabs/Content/InfimaGames/FreeFPSTemplate/Demo/Mannequins/Textures/Manny/T_Manny_02_ASAOPMASK_MSK.uexp" 1220
"F:/UE5 projects/vampicrabs/Content/InfimaGames/FreeFPSTemplate/Demo/Mannequins/Materials/Instances/Manny/MI_Manny_02.uasset" 1221
"F:/UE5 projects/vampicrabs/Content/InfimaGames/FreeFPSTemplate/Demo/Mannequins/Materials/Instances/Manny/MI_Manny_02.uexp" 1222
"F:/UE5 projects/vampicrabs/Content/InfimaGames/FreeFPSTemplate/Demo/Mannequins/Meshes/SK_FP_Manny_Simple.uasset" 1223
"F:/UE5 projects/vampicrabs/Content/InfimaGames/FreeFPSTemplate/Demo/Mannequins/Meshes/SK_FP_Manny_Simple.uexp" 1224
"F:/UE5 projects/vampicrabs/Content/InfimaGames/FreeFPSTemplate/Art/AssaultRifle/Animations/A_FP_AssaultRifle_Idle_Loop.uasset" 1225
"F:/UE5 projects/vampicrabs/Content/InfimaGames/FreeFPSTemplate/Art/AssaultRifle/Animations/A_FP_AssaultRifle_Idle_Loop.uexp" 1226
"F:/UE5 projects/vampicrabs/Content/InfimaGames/FreeFPSTemplate/Art/AssaultRifle/Animations/A_FP_AssaultRifle_Walk_F_Loop_Aimed.uasset" 1227
"F:/UE5 projects/vampicrabs/Content/InfimaGames/FreeFPSTemplate/Art/AssaultRifle/Animations/A_FP_AssaultRifle_Walk_F_Loop_Aimed.uexp" 1228
"F:/UE5 projects/vampicrabs/Content/InfimaGames/FreeFPSTemplate/Art/AssaultRifle/Animations/A_FP_AssaultRifle_Walk_F_Loop.uasset" 1229
"F:/UE5 projects/vampicrabs/Content/InfimaGames/FreeFPSTemplate/Art/AssaultRifle/Animations/A_FP_AssaultRifle_Walk_F_Loop.uexp" 1230
"F:/UE5 projects/vampicrabs/Content/InfimaGames/FreeFPSTemplate/Art/AssaultRifle/Animations/A_FP_AssaultRifle_Run_Loop.uasset" 1231
"F:/UE5 projects/vampicrabs/Content/InfimaGames/FreeFPSTemplate/Art/AssaultRifle/Animations/A_FP_AssaultRifle_Run_Loop.uexp" 1232
"F:/UE5 projects/vampicrabs/Content/InfimaGames/FreeFPSTemplate/Art/AssaultRifle/Animations/A_FP_AssaultRifle_Idle_Loop_Aimed.uasset" 1233
"F:/UE5 projects/vampicrabs/Content/InfimaGames/FreeFPSTemplate/Art/AssaultRifle/Animations/A_FP_AssaultRifle_Idle_Loop_Aimed.uexp" 1234
"F:/UE5 projects/vampicrabs/Content/InfimaGames/FreeFPSTemplate/Core/ABP_Character.uasset" 1235
"F:/UE5 projects/vampicrabs/Content/InfimaGames/FreeFPSTemplate/Core/ABP_Character.uexp" 1236
"F:/UE5 projects/vampicrabs/Content/InfimaGames/FreeFPSTemplate/Art/AssaultRifle/Animations/A_FP_AssaultRifle_Idle_Pose.uasset" 1237
"F:/UE5 projects/vampicrabs/Content/InfimaGames/FreeFPSTemplate/Art/AssaultRifle/Animations/A_FP_AssaultRifle_Idle_Pose.uexp" 1238
"F:/UE5 projects/vampicrabs/Content/InfimaGames/FreeFPSTemplate/Art/AssaultRifle/Animations/A_FP_AssaultRifle_Equip.uasset" 1239
"F:/UE5 projects/vampicrabs/Content/InfimaGames/FreeFPSTemplate/Art/AssaultRifle/Animations/A_FP_AssaultRifle_Equip.uexp" 1240
"F:/UE5 projects/vampicrabs/Content/InfimaGames/FreeFPSTemplate/Art/AssaultRifle/Animations/AM_FP_AssaultRifle_Equip.uasset" 1241
"F:/UE5 projects/vampicrabs/Content/InfimaGames/FreeFPSTemplate/Art/AssaultRifle/Animations/AM_FP_AssaultRifle_Equip.uexp" 1242
"F:/UE5 projects/vampicrabs/Content/InfimaGames/FreeFPSTemplate/Art/AssaultRifle/Animations/A_FP_AssaultRifle_Aim_Pose.uasset" 1243
"F:/UE5 projects/vampicrabs/Content/InfimaGames/FreeFPSTemplate/Art/AssaultRifle/Animations/A_FP_AssaultRifle_Aim_Pose.uexp" 1244
"F:/UE5 projects/vampicrabs/Content/InfimaGames/FreeFPSTemplate/Art/AssaultRifle/Animations/A_FP_AssaultRifle_Fire_Aimed.uasset" 1245
"F:/UE5 projects/vampicrabs/Content/InfimaGames/FreeFPSTemplate/Art/AssaultRifle/Animations/A_FP_AssaultRifle_Fire_Aimed.uexp" 1246
"F:/UE5 projects/vampicrabs/Content/InfimaGames/FreeFPSTemplate/Art/AssaultRifle/Animations/A_FP_AssaultRifle_Fire.uasset" 1247
"F:/UE5 projects/vampicrabs/Content/InfimaGames/FreeFPSTemplate/Art/AssaultRifle/Animations/A_FP_AssaultRifle_Fire.uexp" 1248
"F:/UE5 projects/vampicrabs/Content/InfimaGames/FreeFPSTemplate/Art/AssaultRifle/Animations/AM_FP_AssaultRifle_Fire.uasset" 1249
"F:/UE5 projects/vampicrabs/Content/InfimaGames/FreeFPSTemplate/Art/AssaultRifle/Animations/AM_FP_AssaultRifle_Fire.uexp" 1250
"F:/UE5 projects/vampicrabs/Content/InfimaGames/FreeFPSTemplate/Art/AssaultRifle/Animations/A_FP_AssaultRifle_Holster.uasset" 1251
"F:/UE5 projects/vampicrabs/Content/InfimaGames/FreeFPSTemplate/Art/AssaultRifle/Animations/A_FP_AssaultRifle_Holster.uexp" 1252
"F:/UE5 projects/vampicrabs/Content/InfimaGames/FreeFPSTemplate/Art/AssaultRifle/Animations/AM_FP_AssaultRifle_Holster.uasset" 1253
"F:/UE5 projects/vampicrabs/Content/InfimaGames/FreeFPSTemplate/Art/AssaultRifle/Animations/AM_FP_AssaultRifle_Holster.uexp" 1254
"F:/UE5 projects/vampicrabs/Content/InfimaGames/FreeFPSTemplate/Art/AssaultRifle/Animations/A_FP_AssaultRifle_Reload.uasset" 1255
"F:/UE5 projects/vampicrabs/Content/InfimaGames/FreeFPSTemplate/Art/AssaultRifle/Animations/A_FP_AssaultRifle_Reload.uexp" 1256
"F:/UE5 projects/vampicrabs/Content/InfimaGames/FreeFPSTemplate/Art/AssaultRifle/Animations/AM_FP_AssaultRifle_Reload.uasset" 1257
"F:/UE5 projects/vampicrabs/Content/InfimaGames/FreeFPSTemplate/Art/AssaultRifle/Animations/AM_FP_AssaultRifle_Reload.uexp" 1258
"F:/UE5 projects/vampicrabs/Content/VampCrabs/textures/bullet/DefaultMaterial_BaseColor.ubulk" 1259
"F:/UE5 projects/vampicrabs/Content/VampCrabs/textures/bullet/DefaultMaterial_BaseColor.uasset" 1260
"F:/UE5 projects/vampicrabs/Content/VampCrabs/textures/bullet/DefaultMaterial_BaseColor.uexp" 1261
"F:/UE5 projects/vampicrabs/Content/VampCrabs/textures/bullet/DefaultMaterial_Emission.ubulk" 1262
"F:/UE5 projects/vampicrabs/Content/VampCrabs/textures/bullet/DefaultMaterial_Emission.uasset" 1263
"F:/UE5 projects/vampicrabs/Content/VampCrabs/textures/bullet/DefaultMaterial_Emission.uexp" 1264
"F:/UE5 projects/vampicrabs/Content/VampCrabs/textures/bullet/DefaultMaterial_Normal.ubulk" 1265
"F:/UE5 projects/vampicrabs/Content/VampCrabs/textures/bullet/DefaultMaterial_Normal.uasset" 1266
"F:/UE5 projects/vampicrabs/Content/VampCrabs/textures/bullet/DefaultMaterial_Normal.uexp" 1267
"F:/UE5 projects/vampicrabs/Content/VampCrabs/textures/bullet/DefaultMaterial_Roughness.ubulk" 1268
"F:/UE5 projects/vampicrabs/Content/VampCrabs/textures/bullet/DefaultMaterial_Roughness.uasset" 1269
"F:/UE5 projects/vampicrabs/Content/VampCrabs/textures/bullet/DefaultMaterial_Roughness.uexp" 1270
"F:/UE5 projects/vampicrabs/Content/VampCrabs/Materials/bullet.uasset" 1271
"F:/UE5 projects/vampicrabs/Content/VampCrabs/Materials/bullet.uexp" 1272
"F:/UE5 projects/vampicrabs/Content/VampCrabs/Models/bulletTextured.ubulk" 1273
"F:/UE5 projects/vampicrabs/Content/VampCrabs/Models/bulletTextured.uasset" 1274
"F:/UE5 projects/vampicrabs/Content/VampCrabs/Models/bulletTextured.uexp" 1275
"F:/UE5 projects/vampicrabs/Content/InfimaGames/FreeFPSTemplate/Core/FS_MasterField_Bullet.uasset" 1276
"F:/UE5 projects/vampicrabs/Content/InfimaGames/FreeFPSTemplate/Core/FS_MasterField_Bullet.uexp" 1277
"F:/UE5 projects/vampicrabs/Content/InfimaGames/FreeFPSTemplate/Core/BP_Bullet.uasset" 1278
"F:/UE5 projects/vampicrabs/Content/InfimaGames/FreeFPSTemplate/Core/BP_Bullet.uexp" 1279
"F:/UE5 projects/vampicrabs/Content/InfimaGames/FreeFPSTemplate/Core/BP_HarpoonShotgun.uasset" 1280
"F:/UE5 projects/vampicrabs/Content/InfimaGames/FreeFPSTemplate/Core/BP_HarpoonShotgun.uexp" 1281
"../../../Engine/Content/EngineResources/DefaultTexture.ubulk" 1282
"../../../Engine/Content/EngineResources/DefaultTexture.uasset" 1283
"../../../Engine/Content/EngineResources/DefaultTexture.uexp" 1284
"F:/UE5 projects/vampicrabs/Content/VampCrabs/textures/basicGun/DefaultMaterial_BaseColor.ubulk" 1285
"F:/UE5 projects/vampicrabs/Content/VampCrabs/textures/basicGun/DefaultMaterial_BaseColor.uasset" 1286
"F:/UE5 projects/vampicrabs/Content/VampCrabs/textures/basicGun/DefaultMaterial_BaseColor.uexp" 1287
"F:/UE5 projects/vampicrabs/Content/VampCrabs/textures/basicGun/DefaultMaterial_Normal.ubulk" 1288
"F:/UE5 projects/vampicrabs/Content/VampCrabs/textures/basicGun/DefaultMaterial_Normal.uasset" 1289
"F:/UE5 projects/vampicrabs/Content/VampCrabs/textures/basicGun/DefaultMaterial_Normal.uexp" 1290
"F:/UE5 projects/vampicrabs/Content/VampCrabs/textures/basicGun/DefaultMaterial_Roughness.ubulk" 1291
"F:/UE5 projects/vampicrabs/Content/VampCrabs/textures/basicGun/DefaultMaterial_Roughness.uasset" 1292
"F:/UE5 projects/vampicrabs/Content/VampCrabs/textures/basicGun/DefaultMaterial_Roughness.uexp" 1293
"F:/UE5 projects/vampicrabs/Content/VampCrabs/Materials/basicgun.uasset" 1294
"F:/UE5 projects/vampicrabs/Content/VampCrabs/Materials/basicgun.uexp" 1295
"F:/UE5 projects/vampicrabs/Content/VampCrabs/weapons/BaseGun/Meshes/SKEL_baseGun.uasset" 1296
"F:/UE5 projects/vampicrabs/Content/VampCrabs/weapons/BaseGun/Meshes/SKEL_baseGun.uexp" 1297
"F:/UE5 projects/vampicrabs/Content/VampCrabs/weapons/BaseGun/Meshes/PA_baseGun.uasset" 1298
"F:/UE5 projects/vampicrabs/Content/VampCrabs/weapons/BaseGun/Meshes/PA_baseGun.uexp" 1299
"F:/UE5 projects/vampicrabs/Content/VampCrabs/weapons/BaseGun/Meshes/SK_baseGun.uasset" 1300
"F:/UE5 projects/vampicrabs/Content/VampCrabs/weapons/BaseGun/Meshes/SK_baseGun.uexp" 1301
"F:/UE5 projects/vampicrabs/Content/InfimaGames/FreeFPSTemplate/Core/BP_BasicGun.uasset" 1302
"F:/UE5 projects/vampicrabs/Content/InfimaGames/FreeFPSTemplate/Core/BP_BasicGun.uexp" 1303
"F:/UE5 projects/vampicrabs/Content/InfimaGames/FreeFPSTemplate/Core/BP_Character.uasset" 1304
"F:/UE5 projects/vampicrabs/Content/InfimaGames/FreeFPSTemplate/Core/BP_Character.uexp" 1305
"F:/UE5 projects/vampicrabs/Content/InfimaGames/FreeFPSTemplate/Core/BP_Player_Controller.uasset" 1306
"F:/UE5 projects/vampicrabs/Content/InfimaGames/FreeFPSTemplate/Core/BP_Player_Controller.uexp" 1307
"F:/UE5 projects/vampicrabs/Content/InfimaGames/FreeFPSTemplate/Core/GM_FPS.uasset" 1308
"F:/UE5 projects/vampicrabs/Content/InfimaGames/FreeFPSTemplate/Core/GM_FPS.uexp" 1309
"F:/UE5 projects/vampicrabs/Content/VampCrabs/Blueprints/ENEMIES/BP_crab.uasset" 1310
"F:/UE5 projects/vampicrabs/Content/VampCrabs/Blueprints/ENEMIES/BP_crab.uexp" 1311
"F:/UE5 projects/vampicrabs/Content/InfimaGames/FreeFPSTemplate/Maps/L_Playground.uexp" 1312
"F:/UE5 projects/vampicrabs/Content/InfimaGames/FreeFPSTemplate/Maps/L_Playground.umap" 1313
